================================================================================
 AUDIT TRAIL LOG - DAG: dag_dbt_anp
 EXECUTION RUN ID: manual__2026-09-11T10:31:41.628729+00:00
 GENERATED AT: 2026-09-11 10:38:06
================================================================================


################################################################################
--- TASK EXECUTION: dbt_transformations.anp_combustivel.run ---
################################################################################

[2026-09-11T10:33:51.229+0000] {local_task_job_runner.py:120} INFO - ::group::Pre task execution logs
[2026-09-11T10:33:51.346+0000] {taskinstance.py:2073} INFO - Dependencies all met for dep_context=non-requeueable deps ti=<TaskInstance: dag_dbt_anp.dbt_transformations.anp_combustivel.run manual__2026-09-11T10:31:41.628729+00:00 [queued]>
[2026-09-11T10:33:51.364+0000] {taskinstance.py:2073} INFO - Dependencies all met for dep_context=requeueable deps ti=<TaskInstance: dag_dbt_anp.dbt_transformations.anp_combustivel.run manual__2026-09-11T10:31:41.628729+00:00 [queued]>
[2026-09-11T10:33:51.366+0000] {taskinstance.py:2303} INFO - Starting attempt 1 of 2
[2026-09-11T10:33:51.393+0000] {taskinstance.py:2327} INFO - Executing <Task(DbtRunLocalOperator): dbt_transformations.anp_combustivel.run> on 2026-09-11 10:31:41.628729+00:00
[2026-09-11T10:33:51.403+0000] {standard_task_runner.py:90} INFO - Running: ['airflow', 'tasks', 'run', 'dag_dbt_anp', 'dbt_transformations.anp_combustivel.run', 'manual__2026-09-11T10:31:41.628729+00:00', '--job-id', '538', '--raw', '--subdir', 'DAGS_FOLDER/dag_dbt_anp.py', '--cfg-path', '/tmp/tmpzew0yz6y']
[2026-09-11T10:33:51.407+0000] {standard_task_runner.py:91} INFO - Job 538: Subtask dbt_transformations.anp_combustivel.run
[2026-09-11T10:33:51.407+0000] {logging_mixin.py:188} WARNING - /home/airflow/.local/lib/python3.12/site-packages/airflow/task/task_runner/standard_task_runner.py:61 DeprecationWarning: This process (pid=951) is multi-threaded, use of fork() may lead to deadlocks in the child.
[2026-09-11T10:33:51.409+0000] {standard_task_runner.py:63} INFO - Started process 952 to run task
[2026-09-11T10:33:51.775+0000] {task_command.py:426} INFO - Running <TaskInstance: dag_dbt_anp.dbt_transformations.anp_combustivel.run manual__2026-09-11T10:31:41.628729+00:00 [running]> on host 43d133c4f171
[2026-09-11T10:33:52.192+0000] {taskinstance.py:2644} INFO - Exporting env vars: AIRFLOW_CTX_DAG_OWNER='***' AIRFLOW_CTX_DAG_ID='dag_dbt_anp' AIRFLOW_CTX_TASK_ID='dbt_transformations.anp_combustivel.run' AIRFLOW_CTX_EXECUTION_DATE='2026-09-11T10:31:41.628729+00:00' AIRFLOW_CTX_TRY_NUMBER='1' AIRFLOW_CTX_DAG_RUN_ID='manual__2026-09-11T10:31:41.628729+00:00'
[2026-09-11T10:33:52.194+0000] {taskinstance.py:430} INFO - ::endgroup::
[2026-09-11T10:33:52.197+0000] {local.py:298} INFO - Could not import dbtRunner. Falling back to subprocess for invoking dbt.
[2026-09-11T10:33:52.200+0000] {local.py:519} INFO - Cloning project to writable temp directory /tmp/tmp426uyplv from /opt/airflow/pipelines/dbt_projects
[2026-09-11T10:33:52.213+0000] {local.py:539} INFO - Partial parse is enabled and the latest partial parse file is /tmp/cosmos/dag_dbt_anp__dbt_transformations/target/partial_parse.msgpack
[2026-09-11T10:33:52.251+0000] {config.py:395} INFO - Using user-supplied profiles.yml at /opt/airflow/pipelines/dbt_projects/profiles.yml
[2026-09-11T10:33:52.264+0000] {local.py:482} INFO - Trying to run the command:
 ['/opt/airflow/dbt_venv/bin/dbt', 'deps', '--project-dir', '/tmp/tmp426uyplv', '--profiles-dir', '/opt/airflow/pipelines/dbt_projects', '--profile', '***', '--target', 'dev']
From /tmp/tmp426uyplv
[2026-09-11T10:33:52.265+0000] {subprocess.py:69} INFO - Tmp dir root location: 
 /tmp
[2026-09-11T10:33:52.266+0000] {subprocess.py:82} INFO - Running command: ['/opt/airflow/dbt_venv/bin/dbt', 'deps', '--project-dir', '/tmp/tmp426uyplv', '--profiles-dir', '/opt/airflow/pipelines/dbt_projects', '--profile', '***', '--target', 'dev']
[2026-09-11T10:33:52.276+0000] {subprocess.py:100} INFO - Command output:
[2026-09-11T10:33:55.003+0000] {subprocess.py:114} INFO - [0m10:33:55  Running with dbt=1.12.4
[2026-09-11T10:33:55.797+0000] {subprocess.py:114} INFO - [0m10:33:55  Installing dbt-labs/dbt_utils
[2026-09-11T10:33:56.257+0000] {subprocess.py:114} INFO - [0m10:33:56  Installed from version 1.1.1
[2026-09-11T10:33:56.258+0000] {subprocess.py:114} INFO - [0m10:33:56  Updated version available: 1.4.1
[2026-09-11T10:33:56.260+0000] {subprocess.py:114} INFO - [0m10:33:56  Installing elementary-data/elementary
[2026-09-11T10:33:56.784+0000] {subprocess.py:114} INFO - [0m10:33:56  Installed from version 0.25.1
[2026-09-11T10:33:56.786+0000] {subprocess.py:114} INFO - [0m10:33:56  Updated version available: 0.26.0
[2026-09-11T10:33:56.787+0000] {subprocess.py:114} INFO - [0m10:33:56  
[2026-09-11T10:33:56.788+0000] {subprocess.py:114} INFO - [0m10:33:56  Updates available for packages: ['dbt-labs/dbt_utils', 'elementary-data/elementary']                 
[2026-09-11T10:33:56.789+0000] {subprocess.py:114} INFO - Update your versions in packages.yml, then run dbt deps
[2026-09-11T10:33:57.749+0000] {subprocess.py:119} INFO - Command exited with return code 0
[2026-09-11T10:33:57.750+0000] {local.py:482} INFO - Trying to run the command:
 ['/opt/airflow/dbt_venv/bin/dbt', 'run', '--select', 'fqn:dbt_project.silver.anp.anp_combustivel', '--project-dir', '/tmp/tmp426uyplv', '--profiles-dir', '/opt/airflow/pipelines/dbt_projects', '--profile', '***', '--target', 'dev']
From /tmp/tmp426uyplv
[2026-09-11T10:33:57.751+0000] {subprocess.py:69} INFO - Tmp dir root location: 
 /tmp
[2026-09-11T10:33:57.751+0000] {subprocess.py:82} INFO - Running command: ['/opt/airflow/dbt_venv/bin/dbt', 'run', '--select', 'fqn:dbt_project.silver.anp.anp_combustivel', '--project-dir', '/tmp/tmp426uyplv', '--profiles-dir', '/opt/airflow/pipelines/dbt_projects', '--profile', '***', '--target', 'dev']
[2026-09-11T10:33:57.763+0000] {subprocess.py:100} INFO - Command output:
[2026-09-11T10:34:00.801+0000] {subprocess.py:114} INFO - [0m10:34:00  Running with dbt=1.12.4
[2026-09-11T10:34:01.155+0000] {subprocess.py:114} INFO - [0m10:34:01  Registered adapter: postgres=1.11.0
[2026-09-11T10:34:02.503+0000] {subprocess.py:114} INFO - [0m10:34:02  Found 36 models, 2 operations, 19 data tests, 2 sources, 1690 macros
[2026-09-11T10:34:02.505+0000] {subprocess.py:114} INFO - [0m10:34:02  
[2026-09-11T10:34:02.506+0000] {subprocess.py:114} INFO - [0m10:34:02  Concurrency: 4 threads (target='dev')
[2026-09-11T10:34:02.507+0000] {subprocess.py:114} INFO - [0m10:34:02  
[2026-09-11T10:34:02.982+0000] {subprocess.py:114} INFO - [0m10:34:02  Elementary: Runtime data: {"config": {}, "dbt_version": "1.12.4", "elementary_version": "0.25.1", "database": "***", "schema": "bronze"}
[2026-09-11T10:34:02.994+0000] {subprocess.py:114} INFO - [0m10:34:02  1 of 1 START hook: elementary.on-run-start.0 ................................... [RUN]
[2026-09-11T10:34:02.995+0000] {subprocess.py:114} INFO - [0m10:34:02  1 of 1 OK hook: elementary.on-run-start.0 ...................................... [[32mOK[0m in 0.07s]
[2026-09-11T10:34:02.996+0000] {subprocess.py:114} INFO - [0m10:34:02  
[2026-09-11T10:34:03.004+0000] {subprocess.py:114} INFO - [0m10:34:03  1 of 1 START sql table model silver.anp_combustivel ............................ [RUN]
[2026-09-11T10:34:36.962+0000] {subprocess.py:114} INFO - [0m10:34:36  1 of 1 OK created sql table model silver.anp_combustivel ....................... [[32mSELECT 689007[0m in 33.96s]
[2026-09-11T10:34:36.968+0000] {subprocess.py:114} INFO - [0m10:34:36  
[2026-09-11T10:34:38.940+0000] {subprocess.py:114} INFO - [0m10:34:38  1 of 1 START hook: elementary.on-run-end.0 ..................................... [RUN]
[2026-09-11T10:34:38.941+0000] {subprocess.py:114} INFO - [0m10:34:38  1 of 1 OK hook: elementary.on-run-end.0 ........................................ [[32mOK[0m in 1.90s]
[2026-09-11T10:34:38.943+0000] {subprocess.py:114} INFO - [0m10:34:38  
[2026-09-11T10:34:38.944+0000] {subprocess.py:114} INFO - [0m10:34:38  Finished running 2 project hooks, 1 table model in 0 hours 0 minutes and 36.44 seconds (36.44s).
[2026-09-11T10:34:39.120+0000] {subprocess.py:114} INFO - [0m10:34:39  
[2026-09-11T10:34:39.121+0000] {subprocess.py:114} INFO - [0m10:34:39  [32mCompleted successfully[0m
[2026-09-11T10:34:39.122+0000] {subprocess.py:114} INFO - [0m10:34:39  
[2026-09-11T10:34:39.122+0000] {subprocess.py:114} INFO - [0m10:34:39  Done. PASS=3 WARN=0 ERROR=0 SKIP=0 NO-OP=0 REUSED=0 TOTAL=3
[2026-09-11T10:34:40.190+0000] {subprocess.py:119} INFO - Command exited with return code 0
[2026-09-11T10:34:40.424+0000] {local.py:138} WARNING - Artifact schema version: https://schemas.getdbt.com/dbt/manifest/v12.json is above dbt-ol supported version 7. This might cause errors.
[2026-09-11T10:34:40.424+0000] {local.py:138} WARNING - Artifact schema version: https://schemas.getdbt.com/dbt/run-results/v6.json is above dbt-ol supported version 5. This might cause errors.
[2026-09-11T10:34:40.438+0000] {local.py:595} INFO - Inlets: [Dataset(uri='postgres://postgres:5432/datalab/bronze/stg_anp_mensal', extra=None), Dataset(uri='postgres://postgres:5432/datalab/bronze/stg_anp_semanal', extra=None)]
[2026-09-11T10:34:40.439+0000] {local.py:596} INFO - Outlets: [Dataset(uri='postgres://postgres:5432/datalab/silver/anp_combustivel', extra=None)]
[2026-09-11T10:34:40.440+0000] {local.py:873} INFO - Assigning inlets/outlets without DatasetAlias
[2026-09-11T10:34:40.440+0000] {dag.py:3096} INFO - Sync 1 DAGs
[2026-09-11T10:34:40.541+0000] {dag.py:3954} INFO - Setting next_dagrun for dag_dbt_anp to 2026-09-07 09:00:00+00:00, run_after=2026-09-14 09:00:00+00:00
[2026-09-11T10:34:40.706+0000] {taskinstance.py:441} INFO - ::group::Post task execution logs
[2026-09-11T10:34:40.711+0000] {logging_mixin.py:188} WARNING - /home/airflow/.local/lib/python3.12/site-packages/airflow/models/baseoperator.py:1564 RemovedInAirflow3Warning: Passing 'execution_date' to 'TaskInstance.xcom_push()' is deprecated.
[2026-09-11T10:34:40.978+0000] {taskinstance.py:1205} INFO - Marking task as SUCCESS. dag_id=dag_dbt_anp, task_id=dbt_transformations.anp_combustivel.run, execution_date=20260911T103141, start_date=20260911T103351, end_date=20260911T103440
[2026-09-11T10:34:41.865+0000] {local_task_job_runner.py:240} INFO - Task exited with return code 0
[2026-09-11T10:34:42.000+0000] {taskinstance.py:3482} INFO - 0 downstream tasks scheduled from follow-on schedule check
[2026-09-11T10:34:42.002+0000] {local_task_job_runner.py:222} INFO - ::endgroup::

################################################################################
--- TASK EXECUTION: dbt_transformations.anp_combustivel.test ---
################################################################################

[2026-09-11T10:34:42.079+0000] {local_task_job_runner.py:120} INFO - ::group::Pre task execution logs
[2026-09-11T10:34:42.187+0000] {taskinstance.py:2073} INFO - Dependencies all met for dep_context=non-requeueable deps ti=<TaskInstance: dag_dbt_anp.dbt_transformations.anp_combustivel.test manual__2026-09-11T10:31:41.628729+00:00 [queued]>
[2026-09-11T10:34:42.204+0000] {taskinstance.py:2073} INFO - Dependencies all met for dep_context=requeueable deps ti=<TaskInstance: dag_dbt_anp.dbt_transformations.anp_combustivel.test manual__2026-09-11T10:31:41.628729+00:00 [queued]>
[2026-09-11T10:34:42.205+0000] {taskinstance.py:2303} INFO - Starting attempt 1 of 2
[2026-09-11T10:34:42.232+0000] {taskinstance.py:2327} INFO - Executing <Task(DbtTestLocalOperator): dbt_transformations.anp_combustivel.test> on 2026-09-11 10:31:41.628729+00:00
[2026-09-11T10:34:42.242+0000] {logging_mixin.py:188} WARNING - /home/airflow/.local/lib/python3.12/site-packages/airflow/task/task_runner/standard_task_runner.py:61 DeprecationWarning: This process (pid=989) is multi-threaded, use of fork() may lead to deadlocks in the child.
[2026-09-11T10:34:42.244+0000] {standard_task_runner.py:63} INFO - Started process 990 to run task
[2026-09-11T10:34:42.242+0000] {standard_task_runner.py:90} INFO - Running: ['airflow', 'tasks', 'run', 'dag_dbt_anp', 'dbt_transformations.anp_combustivel.test', 'manual__2026-09-11T10:31:41.628729+00:00', '--job-id', '539', '--raw', '--subdir', 'DAGS_FOLDER/dag_dbt_anp.py', '--cfg-path', '/tmp/tmpqg5m9mqn']
[2026-09-11T10:34:42.245+0000] {standard_task_runner.py:91} INFO - Job 539: Subtask dbt_transformations.anp_combustivel.test
[2026-09-11T10:34:42.488+0000] {task_command.py:426} INFO - Running <TaskInstance: dag_dbt_anp.dbt_transformations.anp_combustivel.test manual__2026-09-11T10:31:41.628729+00:00 [running]> on host 43d133c4f171
[2026-09-11T10:34:42.890+0000] {taskinstance.py:2644} INFO - Exporting env vars: AIRFLOW_CTX_DAG_OWNER='***' AIRFLOW_CTX_DAG_ID='dag_dbt_anp' AIRFLOW_CTX_TASK_ID='dbt_transformations.anp_combustivel.test' AIRFLOW_CTX_EXECUTION_DATE='2026-09-11T10:31:41.628729+00:00' AIRFLOW_CTX_TRY_NUMBER='1' AIRFLOW_CTX_DAG_RUN_ID='manual__2026-09-11T10:31:41.628729+00:00'
[2026-09-11T10:34:42.893+0000] {taskinstance.py:430} INFO - ::endgroup::
[2026-09-11T10:34:43.092+0000] {local.py:298} INFO - Could not import dbtRunner. Falling back to subprocess for invoking dbt.
[2026-09-11T10:34:43.093+0000] {local.py:519} INFO - Cloning project to writable temp directory /tmp/tmpfwhml375 from /opt/airflow/pipelines/dbt_projects
[2026-09-11T10:34:43.111+0000] {local.py:539} INFO - Partial parse is enabled and the latest partial parse file is /tmp/cosmos/dag_dbt_anp__dbt_transformations/target/partial_parse.msgpack
[2026-09-11T10:34:43.143+0000] {config.py:395} INFO - Using user-supplied profiles.yml at /opt/airflow/pipelines/dbt_projects/profiles.yml
[2026-09-11T10:34:43.160+0000] {local.py:482} INFO - Trying to run the command:
 ['/opt/airflow/dbt_venv/bin/dbt', 'deps', '--project-dir', '/tmp/tmpfwhml375', '--profiles-dir', '/opt/airflow/pipelines/dbt_projects', '--profile', '***', '--target', 'dev']
From /tmp/tmpfwhml375
[2026-09-11T10:34:43.161+0000] {subprocess.py:69} INFO - Tmp dir root location: 
 /tmp
[2026-09-11T10:34:43.161+0000] {subprocess.py:82} INFO - Running command: ['/opt/airflow/dbt_venv/bin/dbt', 'deps', '--project-dir', '/tmp/tmpfwhml375', '--profiles-dir', '/opt/airflow/pipelines/dbt_projects', '--profile', '***', '--target', 'dev']
[2026-09-11T10:34:43.173+0000] {subprocess.py:100} INFO - Command output:
[2026-09-11T10:34:45.874+0000] {subprocess.py:114} INFO - [0m10:34:45  Running with dbt=1.12.4
[2026-09-11T10:34:46.617+0000] {subprocess.py:114} INFO - [0m10:34:46  Installing dbt-labs/dbt_utils
[2026-09-11T10:34:47.389+0000] {subprocess.py:114} INFO - [0m10:34:47  Installed from version 1.1.1
[2026-09-11T10:34:47.392+0000] {subprocess.py:114} INFO - [0m10:34:47  Updated version available: 1.4.1
[2026-09-11T10:34:47.393+0000] {subprocess.py:114} INFO - [0m10:34:47  Installing elementary-data/elementary
[2026-09-11T10:34:47.909+0000] {subprocess.py:114} INFO - [0m10:34:47  Installed from version 0.25.1
[2026-09-11T10:34:47.910+0000] {subprocess.py:114} INFO - [0m10:34:47  Updated version available: 0.26.0
[2026-09-11T10:34:47.910+0000] {subprocess.py:114} INFO - [0m10:34:47  
[2026-09-11T10:34:47.911+0000] {subprocess.py:114} INFO - [0m10:34:47  Updates available for packages: ['dbt-labs/dbt_utils', 'elementary-data/elementary']                 
[2026-09-11T10:34:47.912+0000] {subprocess.py:114} INFO - Update your versions in packages.yml, then run dbt deps
[2026-09-11T10:34:48.831+0000] {subprocess.py:119} INFO - Command exited with return code 0
[2026-09-11T10:34:48.847+0000] {local.py:482} INFO - Trying to run the command:
 ['/opt/airflow/dbt_venv/bin/dbt', 'test', '--select', 'anp_combustivel', '--exclude', 'package:elementary', '--project-dir', '/tmp/tmpfwhml375', '--profiles-dir', '/opt/airflow/pipelines/dbt_projects', '--profile', '***', '--target', 'dev']
From /tmp/tmpfwhml375
[2026-09-11T10:34:48.848+0000] {subprocess.py:69} INFO - Tmp dir root location: 
 /tmp
[2026-09-11T10:34:48.849+0000] {subprocess.py:82} INFO - Running command: ['/opt/airflow/dbt_venv/bin/dbt', 'test', '--select', 'anp_combustivel', '--exclude', 'package:elementary', '--project-dir', '/tmp/tmpfwhml375', '--profiles-dir', '/opt/airflow/pipelines/dbt_projects', '--profile', '***', '--target', 'dev']
[2026-09-11T10:34:48.874+0000] {subprocess.py:100} INFO - Command output:
[2026-09-11T10:34:51.878+0000] {subprocess.py:114} INFO - [0m10:34:51  Running with dbt=1.12.4
[2026-09-11T10:34:52.219+0000] {subprocess.py:114} INFO - [0m10:34:52  Registered adapter: postgres=1.11.0
[2026-09-11T10:34:53.376+0000] {subprocess.py:114} INFO - [0m10:34:53  Found 36 models, 2 operations, 19 data tests, 2 sources, 1690 macros
[2026-09-11T10:34:53.380+0000] {subprocess.py:114} INFO - [0m10:34:53  
[2026-09-11T10:34:53.381+0000] {subprocess.py:114} INFO - [0m10:34:53  Concurrency: 4 threads (target='dev')
[2026-09-11T10:34:53.381+0000] {subprocess.py:114} INFO - [0m10:34:53  
[2026-09-11T10:34:53.808+0000] {subprocess.py:114} INFO - [0m10:34:53  Elementary: Runtime data: {"config": {}, "dbt_version": "1.12.4", "elementary_version": "0.25.1", "database": "***", "schema": "bronze"}
[2026-09-11T10:34:53.856+0000] {subprocess.py:114} INFO - [0m10:34:53  1 of 1 START hook: elementary.on-run-start.0 ................................... [RUN]
[2026-09-11T10:34:53.857+0000] {subprocess.py:114} INFO - [0m10:34:53  1 of 1 OK hook: elementary.on-run-start.0 ...................................... [[32mOK[0m in 0.14s]
[2026-09-11T10:34:53.858+0000] {subprocess.py:114} INFO - [0m10:34:53  
[2026-09-11T10:34:53.867+0000] {subprocess.py:114} INFO - [0m10:34:53  1 of 5 START test not_null_anp_combustivel_chave ............................... [RUN]
[2026-09-11T10:34:53.870+0000] {subprocess.py:114} INFO - [0m10:34:53  2 of 5 START test not_null_anp_combustivel_cnpj ................................ [RUN]
[2026-09-11T10:34:53.874+0000] {subprocess.py:114} INFO - [0m10:34:53  3 of 5 START test not_null_anp_combustivel_data_coleta ......................... [RUN]
[2026-09-11T10:34:53.876+0000] {subprocess.py:114} INFO - [0m10:34:53  4 of 5 START test not_null_anp_combustivel_valor_venda ......................... [RUN]
[2026-09-11T10:34:57.993+0000] {subprocess.py:114} INFO - [0m10:34:57  3 of 5 PASS not_null_anp_combustivel_data_coleta ............................... [[32mPASS[0m in 4.12s]
[2026-09-11T10:34:57.996+0000] {subprocess.py:114} INFO - [0m10:34:57  1 of 5 PASS not_null_anp_combustivel_chave ..................................... [[32mPASS[0m in 4.12s]
[2026-09-11T10:34:57.998+0000] {subprocess.py:114} INFO - [0m10:34:57  2 of 5 PASS not_null_anp_combustivel_cnpj ...................................... [[32mPASS[0m in 4.12s]
[2026-09-11T10:34:58.000+0000] {subprocess.py:114} INFO - [0m10:34:57  4 of 5 PASS not_null_anp_combustivel_valor_venda ............................... [[32mPASS[0m in 4.12s]
[2026-09-11T10:34:58.005+0000] {subprocess.py:114} INFO - [0m10:34:58  5 of 5 START test unique_anp_combustivel_chave ................................. [RUN]
[2026-09-11T10:35:03.754+0000] {subprocess.py:114} INFO - [0m10:35:03  5 of 5 PASS unique_anp_combustivel_chave ....................................... [[32mPASS[0m in 5.75s]
[2026-09-11T10:35:03.760+0000] {subprocess.py:114} INFO - [0m10:35:03  
[2026-09-11T10:35:06.608+0000] {subprocess.py:114} INFO - [0m10:35:06  1 of 1 START hook: elementary.on-run-end.0 ..................................... [RUN]
[2026-09-11T10:35:06.608+0000] {subprocess.py:114} INFO - [0m10:35:06  1 of 1 OK hook: elementary.on-run-end.0 ........................................ [[32mOK[0m in 2.79s]
[2026-09-11T10:35:06.612+0000] {subprocess.py:114} INFO - [0m10:35:06  
[2026-09-11T10:35:06.614+0000] {subprocess.py:114} INFO - [0m10:35:06  Finished running 2 project hooks, 5 data tests in 0 hours 0 minutes and 13.23 seconds (13.23s).
[2026-09-11T10:35:06.790+0000] {subprocess.py:114} INFO - [0m10:35:06  
[2026-09-11T10:35:06.791+0000] {subprocess.py:114} INFO - [0m10:35:06  [32mCompleted successfully[0m
[2026-09-11T10:35:06.792+0000] {subprocess.py:114} INFO - [0m10:35:06  
[2026-09-11T10:35:06.792+0000] {subprocess.py:114} INFO - [0m10:35:06  Done. PASS=7 WARN=0 ERROR=0 SKIP=0 NO-OP=0 REUSED=0 TOTAL=7
[2026-09-11T10:35:07.804+0000] {subprocess.py:119} INFO - Command exited with return code 0
[2026-09-11T10:35:07.863+0000] {local.py:138} WARNING - Artifact schema version: https://schemas.getdbt.com/dbt/manifest/v12.json is above dbt-ol supported version 7. This might cause errors.
[2026-09-11T10:35:07.864+0000] {local.py:138} WARNING - Artifact schema version: https://schemas.getdbt.com/dbt/run-results/v6.json is above dbt-ol supported version 5. This might cause errors.
[2026-09-11T10:35:08.019+0000] {taskinstance.py:441} INFO - ::group::Post task execution logs
[2026-09-11T10:35:08.092+0000] {taskinstance.py:1205} INFO - Marking task as SUCCESS. dag_id=dag_dbt_anp, task_id=dbt_transformations.anp_combustivel.test, execution_date=20260911T103141, start_date=20260911T103442, end_date=20260911T103508
[2026-09-11T10:35:08.967+0000] {local_task_job_runner.py:240} INFO - Task exited with return code 0
[2026-09-11T10:35:09.093+0000] {taskinstance.py:3482} INFO - 0 downstream tasks scheduled from follow-on schedule check
[2026-09-11T10:35:09.103+0000] {local_task_job_runner.py:222} INFO - ::endgroup::

################################################################################
--- TASK EXECUTION: dbt_transformations.dm_postos.run ---
################################################################################

[2026-09-11T10:35:09.768+0000] {local_task_job_runner.py:120} INFO - ::group::Pre task execution logs
[2026-09-11T10:35:09.881+0000] {taskinstance.py:2073} INFO - Dependencies all met for dep_context=non-requeueable deps ti=<TaskInstance: dag_dbt_anp.dbt_transformations.dm_postos.run manual__2026-09-11T10:31:41.628729+00:00 [queued]>
[2026-09-11T10:35:09.898+0000] {taskinstance.py:2073} INFO - Dependencies all met for dep_context=requeueable deps ti=<TaskInstance: dag_dbt_anp.dbt_transformations.dm_postos.run manual__2026-09-11T10:31:41.628729+00:00 [queued]>
[2026-09-11T10:35:09.899+0000] {taskinstance.py:2303} INFO - Starting attempt 1 of 2
[2026-09-11T10:35:09.932+0000] {taskinstance.py:2327} INFO - Executing <Task(DbtRunLocalOperator): dbt_transformations.dm_postos.run> on 2026-09-11 10:31:41.628729+00:00
[2026-09-11T10:35:09.948+0000] {logging_mixin.py:188} WARNING - /home/airflow/.local/lib/python3.12/site-packages/airflow/task/task_runner/standard_task_runner.py:61 DeprecationWarning: This process (pid=1016) is multi-threaded, use of fork() may lead to deadlocks in the child.
[2026-09-11T10:35:09.950+0000] {standard_task_runner.py:63} INFO - Started process 1021 to run task
[2026-09-11T10:35:09.948+0000] {standard_task_runner.py:90} INFO - Running: ['airflow', 'tasks', 'run', 'dag_dbt_anp', 'dbt_transformations.dm_postos.run', 'manual__2026-09-11T10:31:41.628729+00:00', '--job-id', '542', '--raw', '--subdir', 'DAGS_FOLDER/dag_dbt_anp.py', '--cfg-path', '/tmp/tmpif5q_huc']
[2026-09-11T10:35:09.951+0000] {standard_task_runner.py:91} INFO - Job 542: Subtask dbt_transformations.dm_postos.run
[2026-09-11T10:35:10.252+0000] {task_command.py:426} INFO - Running <TaskInstance: dag_dbt_anp.dbt_transformations.dm_postos.run manual__2026-09-11T10:31:41.628729+00:00 [running]> on host 43d133c4f171
[2026-09-11T10:35:10.687+0000] {taskinstance.py:2644} INFO - Exporting env vars: AIRFLOW_CTX_DAG_OWNER='***' AIRFLOW_CTX_DAG_ID='dag_dbt_anp' AIRFLOW_CTX_TASK_ID='dbt_transformations.dm_postos.run' AIRFLOW_CTX_EXECUTION_DATE='2026-09-11T10:31:41.628729+00:00' AIRFLOW_CTX_TRY_NUMBER='1' AIRFLOW_CTX_DAG_RUN_ID='manual__2026-09-11T10:31:41.628729+00:00'
[2026-09-11T10:35:10.689+0000] {taskinstance.py:430} INFO - ::endgroup::
[2026-09-11T10:35:10.692+0000] {local.py:298} INFO - Could not import dbtRunner. Falling back to subprocess for invoking dbt.
[2026-09-11T10:35:10.693+0000] {local.py:519} INFO - Cloning project to writable temp directory /tmp/tmpdoetm5ny from /opt/airflow/pipelines/dbt_projects
[2026-09-11T10:35:10.703+0000] {local.py:539} INFO - Partial parse is enabled and the latest partial parse file is /tmp/cosmos/dag_dbt_anp__dbt_transformations/target/partial_parse.msgpack
[2026-09-11T10:35:10.743+0000] {config.py:395} INFO - Using user-supplied profiles.yml at /opt/airflow/pipelines/dbt_projects/profiles.yml
[2026-09-11T10:35:10.753+0000] {local.py:482} INFO - Trying to run the command:
 ['/opt/airflow/dbt_venv/bin/dbt', 'deps', '--project-dir', '/tmp/tmpdoetm5ny', '--profiles-dir', '/opt/airflow/pipelines/dbt_projects', '--profile', '***', '--target', 'dev']
From /tmp/tmpdoetm5ny
[2026-09-11T10:35:10.754+0000] {subprocess.py:69} INFO - Tmp dir root location: 
 /tmp
[2026-09-11T10:35:10.755+0000] {subprocess.py:82} INFO - Running command: ['/opt/airflow/dbt_venv/bin/dbt', 'deps', '--project-dir', '/tmp/tmpdoetm5ny', '--profiles-dir', '/opt/airflow/pipelines/dbt_projects', '--profile', '***', '--target', 'dev']
[2026-09-11T10:35:10.766+0000] {subprocess.py:100} INFO - Command output:
[2026-09-11T10:35:14.279+0000] {subprocess.py:114} INFO - [0m10:35:14  Running with dbt=1.12.4
[2026-09-11T10:35:15.264+0000] {subprocess.py:114} INFO - [0m10:35:15  Installing dbt-labs/dbt_utils
[2026-09-11T10:35:15.747+0000] {subprocess.py:114} INFO - [0m10:35:15  Installed from version 1.1.1
[2026-09-11T10:35:15.748+0000] {subprocess.py:114} INFO - [0m10:35:15  Updated version available: 1.4.1
[2026-09-11T10:35:15.749+0000] {subprocess.py:114} INFO - [0m10:35:15  Installing elementary-data/elementary
[2026-09-11T10:35:16.338+0000] {subprocess.py:114} INFO - [0m10:35:16  Installed from version 0.25.1
[2026-09-11T10:35:16.339+0000] {subprocess.py:114} INFO - [0m10:35:16  Updated version available: 0.26.0
[2026-09-11T10:35:16.342+0000] {subprocess.py:114} INFO - [0m10:35:16  
[2026-09-11T10:35:16.343+0000] {subprocess.py:114} INFO - [0m10:35:16  Updates available for packages: ['dbt-labs/dbt_utils', 'elementary-data/elementary']                 
[2026-09-11T10:35:16.343+0000] {subprocess.py:114} INFO - Update your versions in packages.yml, then run dbt deps
[2026-09-11T10:35:17.326+0000] {subprocess.py:119} INFO - Command exited with return code 0
[2026-09-11T10:35:17.327+0000] {local.py:482} INFO - Trying to run the command:
 ['/opt/airflow/dbt_venv/bin/dbt', 'run', '--select', 'fqn:dbt_project.gold.anp.dm_postos', '--project-dir', '/tmp/tmpdoetm5ny', '--profiles-dir', '/opt/airflow/pipelines/dbt_projects', '--profile', '***', '--target', 'dev']
From /tmp/tmpdoetm5ny
[2026-09-11T10:35:17.328+0000] {subprocess.py:69} INFO - Tmp dir root location: 
 /tmp
[2026-09-11T10:35:17.328+0000] {subprocess.py:82} INFO - Running command: ['/opt/airflow/dbt_venv/bin/dbt', 'run', '--select', 'fqn:dbt_project.gold.anp.dm_postos', '--project-dir', '/tmp/tmpdoetm5ny', '--profiles-dir', '/opt/airflow/pipelines/dbt_projects', '--profile', '***', '--target', 'dev']
[2026-09-11T10:35:17.342+0000] {subprocess.py:100} INFO - Command output:
[2026-09-11T10:35:21.293+0000] {subprocess.py:114} INFO - [0m10:35:21  Running with dbt=1.12.4
[2026-09-11T10:35:22.056+0000] {subprocess.py:114} INFO - [0m10:35:22  Registered adapter: postgres=1.11.0
[2026-09-11T10:35:23.635+0000] {subprocess.py:114} INFO - [0m10:35:23  Found 36 models, 2 operations, 19 data tests, 2 sources, 1690 macros
[2026-09-11T10:35:23.640+0000] {subprocess.py:114} INFO - [0m10:35:23  
[2026-09-11T10:35:23.641+0000] {subprocess.py:114} INFO - [0m10:35:23  Concurrency: 4 threads (target='dev')
[2026-09-11T10:35:23.642+0000] {subprocess.py:114} INFO - [0m10:35:23  
[2026-09-11T10:35:24.352+0000] {subprocess.py:114} INFO - [0m10:35:24  Elementary: Runtime data: {"config": {}, "dbt_version": "1.12.4", "elementary_version": "0.25.1", "database": "***", "schema": "bronze"}
[2026-09-11T10:35:24.372+0000] {subprocess.py:114} INFO - [0m10:35:24  1 of 1 START hook: elementary.on-run-start.0 ................................... [RUN]
[2026-09-11T10:35:24.373+0000] {subprocess.py:114} INFO - [0m10:35:24  1 of 1 OK hook: elementary.on-run-start.0 ...................................... [[32mOK[0m in 0.10s]
[2026-09-11T10:35:24.374+0000] {subprocess.py:114} INFO - [0m10:35:24  
[2026-09-11T10:35:24.386+0000] {subprocess.py:114} INFO - [0m10:35:24  1 of 1 START sql table model gold.dm_postos .................................... [RUN]
[2026-09-11T10:35:35.627+0000] {subprocess.py:114} INFO - [0m10:35:35  1 of 1 OK created sql table model gold.dm_postos ............................... [[32mSELECT 11844[0m in 11.24s]
[2026-09-11T10:35:35.634+0000] {subprocess.py:114} INFO - [0m10:35:35  
[2026-09-11T10:35:38.796+0000] {subprocess.py:114} INFO - [0m10:35:38  1 of 1 START hook: elementary.on-run-end.0 ..................................... [RUN]
[2026-09-11T10:35:38.797+0000] {subprocess.py:114} INFO - [0m10:35:38  1 of 1 OK hook: elementary.on-run-end.0 ........................................ [[32mOK[0m in 3.09s]
[2026-09-11T10:35:38.803+0000] {subprocess.py:114} INFO - [0m10:35:38  
[2026-09-11T10:35:38.804+0000] {subprocess.py:114} INFO - [0m10:35:38  Finished running 2 project hooks, 1 table model in 0 hours 0 minutes and 15.16 seconds (15.16s).
[2026-09-11T10:35:39.087+0000] {subprocess.py:114} INFO - [0m10:35:39  
[2026-09-11T10:35:39.088+0000] {subprocess.py:114} INFO - [0m10:35:39  [32mCompleted successfully[0m
[2026-09-11T10:35:39.089+0000] {subprocess.py:114} INFO - [0m10:35:39  
[2026-09-11T10:35:39.090+0000] {subprocess.py:114} INFO - [0m10:35:39  Done. PASS=3 WARN=0 ERROR=0 SKIP=0 NO-OP=0 REUSED=0 TOTAL=3
[2026-09-11T10:35:40.286+0000] {subprocess.py:119} INFO - Command exited with return code 0
[2026-09-11T10:35:40.590+0000] {local.py:138} WARNING - Artifact schema version: https://schemas.getdbt.com/dbt/manifest/v12.json is above dbt-ol supported version 7. This might cause errors.
[2026-09-11T10:35:40.591+0000] {local.py:138} WARNING - Artifact schema version: https://schemas.getdbt.com/dbt/run-results/v6.json is above dbt-ol supported version 5. This might cause errors.
[2026-09-11T10:35:40.610+0000] {local.py:595} INFO - Inlets: [Dataset(uri='postgres://postgres:5432/datalab/silver/anp_combustivel', extra=None)]
[2026-09-11T10:35:40.611+0000] {local.py:596} INFO - Outlets: [Dataset(uri='postgres://postgres:5432/datalab/gold/dm_postos', extra=None)]
[2026-09-11T10:35:40.611+0000] {local.py:873} INFO - Assigning inlets/outlets without DatasetAlias
[2026-09-11T10:35:40.612+0000] {dag.py:3096} INFO - Sync 1 DAGs
[2026-09-11T10:35:40.749+0000] {dag.py:3954} INFO - Setting next_dagrun for dag_dbt_anp to 2026-09-07 09:00:00+00:00, run_after=2026-09-14 09:00:00+00:00
[2026-09-11T10:35:41.070+0000] {taskinstance.py:441} INFO - ::group::Post task execution logs
[2026-09-11T10:35:41.074+0000] {logging_mixin.py:188} WARNING - /home/airflow/.local/lib/python3.12/site-packages/airflow/models/baseoperator.py:1564 RemovedInAirflow3Warning: Passing 'execution_date' to 'TaskInstance.xcom_push()' is deprecated.
[2026-09-11T10:35:41.436+0000] {taskinstance.py:1205} INFO - Marking task as SUCCESS. dag_id=dag_dbt_anp, task_id=dbt_transformations.dm_postos.run, execution_date=20260911T103141, start_date=20260911T103509, end_date=20260911T103541
[2026-09-11T10:35:42.335+0000] {local_task_job_runner.py:240} INFO - Task exited with return code 0
[2026-09-11T10:35:42.470+0000] {taskinstance.py:3482} INFO - 0 downstream tasks scheduled from follow-on schedule check
[2026-09-11T10:35:42.474+0000] {local_task_job_runner.py:222} INFO - ::endgroup::

################################################################################
--- TASK EXECUTION: dbt_transformations.dm_postos.test ---
################################################################################

[2026-09-11T10:35:43.136+0000] {local_task_job_runner.py:120} INFO - ::group::Pre task execution logs
[2026-09-11T10:35:43.281+0000] {taskinstance.py:2073} INFO - Dependencies all met for dep_context=non-requeueable deps ti=<TaskInstance: dag_dbt_anp.dbt_transformations.dm_postos.test manual__2026-09-11T10:31:41.628729+00:00 [queued]>
[2026-09-11T10:35:43.304+0000] {taskinstance.py:2073} INFO - Dependencies all met for dep_context=requeueable deps ti=<TaskInstance: dag_dbt_anp.dbt_transformations.dm_postos.test manual__2026-09-11T10:31:41.628729+00:00 [queued]>
[2026-09-11T10:35:43.306+0000] {taskinstance.py:2303} INFO - Starting attempt 1 of 2
[2026-09-11T10:35:43.333+0000] {taskinstance.py:2327} INFO - Executing <Task(DbtTestLocalOperator): dbt_transformations.dm_postos.test> on 2026-09-11 10:31:41.628729+00:00
[2026-09-11T10:35:43.349+0000] {logging_mixin.py:188} WARNING - /home/airflow/.local/lib/python3.12/site-packages/airflow/task/task_runner/standard_task_runner.py:61 DeprecationWarning: This process (pid=1081) is multi-threaded, use of fork() may lead to deadlocks in the child.
[2026-09-11T10:35:43.351+0000] {standard_task_runner.py:63} INFO - Started process 1083 to run task
[2026-09-11T10:35:43.350+0000] {standard_task_runner.py:90} INFO - Running: ['airflow', 'tasks', 'run', 'dag_dbt_anp', 'dbt_transformations.dm_postos.test', 'manual__2026-09-11T10:31:41.628729+00:00', '--job-id', '544', '--raw', '--subdir', 'DAGS_FOLDER/dag_dbt_anp.py', '--cfg-path', '/tmp/tmph5tu7c8b']
[2026-09-11T10:35:43.355+0000] {standard_task_runner.py:91} INFO - Job 544: Subtask dbt_transformations.dm_postos.test
[2026-09-11T10:35:43.687+0000] {task_command.py:426} INFO - Running <TaskInstance: dag_dbt_anp.dbt_transformations.dm_postos.test manual__2026-09-11T10:31:41.628729+00:00 [running]> on host 43d133c4f171
[2026-09-11T10:35:44.259+0000] {taskinstance.py:2644} INFO - Exporting env vars: AIRFLOW_CTX_DAG_OWNER='***' AIRFLOW_CTX_DAG_ID='dag_dbt_anp' AIRFLOW_CTX_TASK_ID='dbt_transformations.dm_postos.test' AIRFLOW_CTX_EXECUTION_DATE='2026-09-11T10:31:41.628729+00:00' AIRFLOW_CTX_TRY_NUMBER='1' AIRFLOW_CTX_DAG_RUN_ID='manual__2026-09-11T10:31:41.628729+00:00'
[2026-09-11T10:35:44.261+0000] {taskinstance.py:430} INFO - ::endgroup::
[2026-09-11T10:35:44.509+0000] {local.py:298} INFO - Could not import dbtRunner. Falling back to subprocess for invoking dbt.
[2026-09-11T10:35:44.510+0000] {local.py:519} INFO - Cloning project to writable temp directory /tmp/tmpg99b6pvy from /opt/airflow/pipelines/dbt_projects
[2026-09-11T10:35:44.527+0000] {local.py:539} INFO - Partial parse is enabled and the latest partial parse file is /tmp/cosmos/dag_dbt_anp__dbt_transformations/target/partial_parse.msgpack
[2026-09-11T10:35:44.571+0000] {config.py:395} INFO - Using user-supplied profiles.yml at /opt/airflow/pipelines/dbt_projects/profiles.yml
[2026-09-11T10:35:44.584+0000] {local.py:482} INFO - Trying to run the command:
 ['/opt/airflow/dbt_venv/bin/dbt', 'deps', '--project-dir', '/tmp/tmpg99b6pvy', '--profiles-dir', '/opt/airflow/pipelines/dbt_projects', '--profile', '***', '--target', 'dev']
From /tmp/tmpg99b6pvy
[2026-09-11T10:35:44.585+0000] {subprocess.py:69} INFO - Tmp dir root location: 
 /tmp
[2026-09-11T10:35:44.587+0000] {subprocess.py:82} INFO - Running command: ['/opt/airflow/dbt_venv/bin/dbt', 'deps', '--project-dir', '/tmp/tmpg99b6pvy', '--profiles-dir', '/opt/airflow/pipelines/dbt_projects', '--profile', '***', '--target', 'dev']
[2026-09-11T10:35:44.606+0000] {subprocess.py:100} INFO - Command output:
[2026-09-11T10:35:49.175+0000] {subprocess.py:114} INFO - [0m10:35:49  Running with dbt=1.12.4
[2026-09-11T10:35:50.141+0000] {subprocess.py:114} INFO - [0m10:35:50  Installing dbt-labs/dbt_utils
[2026-09-11T10:35:50.721+0000] {subprocess.py:114} INFO - [0m10:35:50  Installed from version 1.1.1
[2026-09-11T10:35:50.724+0000] {subprocess.py:114} INFO - [0m10:35:50  Updated version available: 1.4.1
[2026-09-11T10:35:50.727+0000] {subprocess.py:114} INFO - [0m10:35:50  Installing elementary-data/elementary
[2026-09-11T10:35:51.319+0000] {subprocess.py:114} INFO - [0m10:35:51  Installed from version 0.25.1
[2026-09-11T10:35:51.320+0000] {subprocess.py:114} INFO - [0m10:35:51  Updated version available: 0.26.0
[2026-09-11T10:35:51.321+0000] {subprocess.py:114} INFO - [0m10:35:51  
[2026-09-11T10:35:51.321+0000] {subprocess.py:114} INFO - [0m10:35:51  Updates available for packages: ['dbt-labs/dbt_utils', 'elementary-data/elementary']                 
[2026-09-11T10:35:51.322+0000] {subprocess.py:114} INFO - Update your versions in packages.yml, then run dbt deps
[2026-09-11T10:35:52.395+0000] {subprocess.py:119} INFO - Command exited with return code 0
[2026-09-11T10:35:52.395+0000] {local.py:482} INFO - Trying to run the command:
 ['/opt/airflow/dbt_venv/bin/dbt', 'test', '--select', 'dm_postos', '--exclude', 'package:elementary', '--project-dir', '/tmp/tmpg99b6pvy', '--profiles-dir', '/opt/airflow/pipelines/dbt_projects', '--profile', '***', '--target', 'dev']
From /tmp/tmpg99b6pvy
[2026-09-11T10:35:52.396+0000] {subprocess.py:69} INFO - Tmp dir root location: 
 /tmp
[2026-09-11T10:35:52.397+0000] {subprocess.py:82} INFO - Running command: ['/opt/airflow/dbt_venv/bin/dbt', 'test', '--select', 'dm_postos', '--exclude', 'package:elementary', '--project-dir', '/tmp/tmpg99b6pvy', '--profiles-dir', '/opt/airflow/pipelines/dbt_projects', '--profile', '***', '--target', 'dev']
[2026-09-11T10:35:52.409+0000] {subprocess.py:100} INFO - Command output:
[2026-09-11T10:35:56.212+0000] {subprocess.py:114} INFO - [0m10:35:56  Running with dbt=1.12.4
[2026-09-11T10:35:56.772+0000] {subprocess.py:114} INFO - [0m10:35:56  Registered adapter: postgres=1.11.0
[2026-09-11T10:35:58.459+0000] {subprocess.py:114} INFO - [0m10:35:58  Found 36 models, 2 operations, 19 data tests, 2 sources, 1690 macros
[2026-09-11T10:35:58.463+0000] {subprocess.py:114} INFO - [0m10:35:58  
[2026-09-11T10:35:58.464+0000] {subprocess.py:114} INFO - [0m10:35:58  Concurrency: 4 threads (target='dev')
[2026-09-11T10:35:58.464+0000] {subprocess.py:114} INFO - [0m10:35:58  
[2026-09-11T10:35:59.116+0000] {subprocess.py:114} INFO - [0m10:35:59  Elementary: Runtime data: {"config": {}, "dbt_version": "1.12.4", "elementary_version": "0.25.1", "database": "***", "schema": "bronze"}
[2026-09-11T10:35:59.229+0000] {subprocess.py:114} INFO - [0m10:35:59  1 of 1 START hook: elementary.on-run-start.0 ................................... [RUN]
[2026-09-11T10:35:59.231+0000] {subprocess.py:114} INFO - [0m10:35:59  1 of 1 OK hook: elementary.on-run-start.0 ...................................... [[32mOK[0m in 0.23s]
[2026-09-11T10:35:59.232+0000] {subprocess.py:114} INFO - [0m10:35:59  
[2026-09-11T10:35:59.251+0000] {subprocess.py:114} INFO - [0m10:35:59  1 of 5 START test not_null_dm_postos_cnpj ...................................... [RUN]
[2026-09-11T10:35:59.253+0000] {subprocess.py:114} INFO - [0m10:35:59  2 of 5 START test not_null_dm_postos_id_posto_sk ............................... [RUN]
[2026-09-11T10:35:59.256+0000] {subprocess.py:114} INFO - [0m10:35:59  3 of 5 START test relationships_ft_anp_combustiveis_id_posto_sk__id_posto_sk__ref_dm_postos_  [RUN]
[2026-09-11T10:35:59.258+0000] {subprocess.py:114} INFO - [0m10:35:59  4 of 5 START test unique_dm_postos_cnpj ........................................ [RUN]
[2026-09-11T10:35:59.952+0000] {subprocess.py:114} INFO - [0m10:35:59  1 of 5 PASS not_null_dm_postos_cnpj ............................................ [[32mPASS[0m in 0.69s]
[2026-09-11T10:35:59.959+0000] {subprocess.py:114} INFO - [0m10:35:59  2 of 5 PASS not_null_dm_postos_id_posto_sk ..................................... [[32mPASS[0m in 0.69s]
[2026-09-11T10:35:59.973+0000] {subprocess.py:114} INFO - [0m10:35:59  5 of 5 START test unique_dm_postos_id_posto_sk ................................. [RUN]
[2026-09-11T10:35:59.975+0000] {subprocess.py:114} INFO - [0m10:35:59  4 of 5 PASS unique_dm_postos_cnpj .............................................. [[32mPASS[0m in 0.71s]
[2026-09-11T10:36:00.245+0000] {subprocess.py:114} INFO - [0m10:36:00  5 of 5 PASS unique_dm_postos_id_posto_sk ....................................... [[32mPASS[0m in 0.27s]
[2026-09-11T10:36:05.884+0000] {subprocess.py:114} INFO - [0m10:36:05  3 of 5 PASS relationships_ft_anp_combustiveis_id_posto_sk__id_posto_sk__ref_dm_postos_  [[32mPASS[0m in 6.62s]
[2026-09-11T10:36:05.889+0000] {subprocess.py:114} INFO - [0m10:36:05  
[2026-09-11T10:36:10.262+0000] {subprocess.py:114} INFO - [0m10:36:10  1 of 1 START hook: elementary.on-run-end.0 ..................................... [RUN]
[2026-09-11T10:36:10.264+0000] {subprocess.py:114} INFO - [0m10:36:10  1 of 1 OK hook: elementary.on-run-end.0 ........................................ [[32mOK[0m in 4.30s]
[2026-09-11T10:36:10.273+0000] {subprocess.py:114} INFO - [0m10:36:10  
[2026-09-11T10:36:10.276+0000] {subprocess.py:114} INFO - [0m10:36:10  Finished running 2 project hooks, 5 data tests in 0 hours 0 minutes and 11.81 seconds (11.81s).
[2026-09-11T10:36:10.636+0000] {subprocess.py:114} INFO - [0m10:36:10  
[2026-09-11T10:36:10.644+0000] {subprocess.py:114} INFO - [0m10:36:10  [32mCompleted successfully[0m
[2026-09-11T10:36:10.648+0000] {subprocess.py:114} INFO - [0m10:36:10  
[2026-09-11T10:36:10.652+0000] {subprocess.py:114} INFO - [0m10:36:10  Done. PASS=7 WARN=0 ERROR=0 SKIP=0 NO-OP=0 REUSED=0 TOTAL=7
[2026-09-11T10:36:11.990+0000] {subprocess.py:119} INFO - Command exited with return code 0
[2026-09-11T10:36:12.111+0000] {local.py:138} WARNING - Artifact schema version: https://schemas.getdbt.com/dbt/manifest/v12.json is above dbt-ol supported version 7. This might cause errors.
[2026-09-11T10:36:12.112+0000] {local.py:138} WARNING - Artifact schema version: https://schemas.getdbt.com/dbt/run-results/v6.json is above dbt-ol supported version 5. This might cause errors.
[2026-09-11T10:36:12.449+0000] {taskinstance.py:441} INFO - ::group::Post task execution logs
[2026-09-11T10:36:12.635+0000] {taskinstance.py:1205} INFO - Marking task as SUCCESS. dag_id=dag_dbt_anp, task_id=dbt_transformations.dm_postos.test, execution_date=20260911T103141, start_date=20260911T103543, end_date=20260911T103612
[2026-09-11T10:36:13.623+0000] {local_task_job_runner.py:240} INFO - Task exited with return code 0
[2026-09-11T10:36:13.775+0000] {taskinstance.py:3482} INFO - 0 downstream tasks scheduled from follow-on schedule check
[2026-09-11T10:36:13.792+0000] {local_task_job_runner.py:222} INFO - ::endgroup::

################################################################################
--- TASK EXECUTION: dbt_transformations.dm_produtos.run ---
################################################################################

[2026-09-11T10:35:09.750+0000] {local_task_job_runner.py:120} INFO - ::group::Pre task execution logs
[2026-09-11T10:35:09.865+0000] {taskinstance.py:2073} INFO - Dependencies all met for dep_context=non-requeueable deps ti=<TaskInstance: dag_dbt_anp.dbt_transformations.dm_produtos.run manual__2026-09-11T10:31:41.628729+00:00 [queued]>
[2026-09-11T10:35:09.881+0000] {taskinstance.py:2073} INFO - Dependencies all met for dep_context=requeueable deps ti=<TaskInstance: dag_dbt_anp.dbt_transformations.dm_produtos.run manual__2026-09-11T10:31:41.628729+00:00 [queued]>
[2026-09-11T10:35:09.886+0000] {taskinstance.py:2303} INFO - Starting attempt 1 of 2
[2026-09-11T10:35:09.920+0000] {taskinstance.py:2327} INFO - Executing <Task(DbtRunLocalOperator): dbt_transformations.dm_produtos.run> on 2026-09-11 10:31:41.628729+00:00
[2026-09-11T10:35:09.934+0000] {logging_mixin.py:188} WARNING - /home/airflow/.local/lib/python3.12/site-packages/airflow/task/task_runner/standard_task_runner.py:61 DeprecationWarning: This process (pid=1017) is multi-threaded, use of fork() may lead to deadlocks in the child.
[2026-09-11T10:35:09.936+0000] {standard_task_runner.py:63} INFO - Started process 1020 to run task
[2026-09-11T10:35:09.934+0000] {standard_task_runner.py:90} INFO - Running: ['airflow', 'tasks', 'run', 'dag_dbt_anp', 'dbt_transformations.dm_produtos.run', 'manual__2026-09-11T10:31:41.628729+00:00', '--job-id', '541', '--raw', '--subdir', 'DAGS_FOLDER/dag_dbt_anp.py', '--cfg-path', '/tmp/tmp53dt4t7x']
[2026-09-11T10:35:09.938+0000] {standard_task_runner.py:91} INFO - Job 541: Subtask dbt_transformations.dm_produtos.run
[2026-09-11T10:35:10.230+0000] {task_command.py:426} INFO - Running <TaskInstance: dag_dbt_anp.dbt_transformations.dm_produtos.run manual__2026-09-11T10:31:41.628729+00:00 [running]> on host 43d133c4f171
[2026-09-11T10:35:10.683+0000] {taskinstance.py:2644} INFO - Exporting env vars: AIRFLOW_CTX_DAG_OWNER='***' AIRFLOW_CTX_DAG_ID='dag_dbt_anp' AIRFLOW_CTX_TASK_ID='dbt_transformations.dm_produtos.run' AIRFLOW_CTX_EXECUTION_DATE='2026-09-11T10:31:41.628729+00:00' AIRFLOW_CTX_TRY_NUMBER='1' AIRFLOW_CTX_DAG_RUN_ID='manual__2026-09-11T10:31:41.628729+00:00'
[2026-09-11T10:35:10.685+0000] {taskinstance.py:430} INFO - ::endgroup::
[2026-09-11T10:35:10.688+0000] {local.py:298} INFO - Could not import dbtRunner. Falling back to subprocess for invoking dbt.
[2026-09-11T10:35:10.690+0000] {local.py:519} INFO - Cloning project to writable temp directory /tmp/tmpzqlpxfay from /opt/airflow/pipelines/dbt_projects
[2026-09-11T10:35:10.702+0000] {local.py:539} INFO - Partial parse is enabled and the latest partial parse file is /tmp/cosmos/dag_dbt_anp__dbt_transformations/target/partial_parse.msgpack
[2026-09-11T10:35:10.752+0000] {config.py:395} INFO - Using user-supplied profiles.yml at /opt/airflow/pipelines/dbt_projects/profiles.yml
[2026-09-11T10:35:10.764+0000] {local.py:482} INFO - Trying to run the command:
 ['/opt/airflow/dbt_venv/bin/dbt', 'deps', '--project-dir', '/tmp/tmpzqlpxfay', '--profiles-dir', '/opt/airflow/pipelines/dbt_projects', '--profile', '***', '--target', 'dev']
From /tmp/tmpzqlpxfay
[2026-09-11T10:35:10.764+0000] {subprocess.py:69} INFO - Tmp dir root location: 
 /tmp
[2026-09-11T10:35:10.765+0000] {subprocess.py:82} INFO - Running command: ['/opt/airflow/dbt_venv/bin/dbt', 'deps', '--project-dir', '/tmp/tmpzqlpxfay', '--profiles-dir', '/opt/airflow/pipelines/dbt_projects', '--profile', '***', '--target', 'dev']
[2026-09-11T10:35:10.779+0000] {subprocess.py:100} INFO - Command output:
[2026-09-11T10:35:14.209+0000] {subprocess.py:114} INFO - [0m10:35:14  Running with dbt=1.12.4
[2026-09-11T10:35:15.264+0000] {subprocess.py:114} INFO - [0m10:35:15  Installing dbt-labs/dbt_utils
[2026-09-11T10:35:15.753+0000] {subprocess.py:114} INFO - [0m10:35:15  Installed from version 1.1.1
[2026-09-11T10:35:15.754+0000] {subprocess.py:114} INFO - [0m10:35:15  Updated version available: 1.4.1
[2026-09-11T10:35:15.757+0000] {subprocess.py:114} INFO - [0m10:35:15  Installing elementary-data/elementary
[2026-09-11T10:35:16.406+0000] {subprocess.py:114} INFO - [0m10:35:16  Installed from version 0.25.1
[2026-09-11T10:35:16.407+0000] {subprocess.py:114} INFO - [0m10:35:16  Updated version available: 0.26.0
[2026-09-11T10:35:16.408+0000] {subprocess.py:114} INFO - [0m10:35:16  
[2026-09-11T10:35:16.409+0000] {subprocess.py:114} INFO - [0m10:35:16  Updates available for packages: ['dbt-labs/dbt_utils', 'elementary-data/elementary']                 
[2026-09-11T10:35:16.409+0000] {subprocess.py:114} INFO - Update your versions in packages.yml, then run dbt deps
[2026-09-11T10:35:17.389+0000] {subprocess.py:119} INFO - Command exited with return code 0
[2026-09-11T10:35:17.390+0000] {local.py:482} INFO - Trying to run the command:
 ['/opt/airflow/dbt_venv/bin/dbt', 'run', '--select', 'fqn:dbt_project.gold.anp.dm_produtos', '--project-dir', '/tmp/tmpzqlpxfay', '--profiles-dir', '/opt/airflow/pipelines/dbt_projects', '--profile', '***', '--target', 'dev']
From /tmp/tmpzqlpxfay
[2026-09-11T10:35:17.390+0000] {subprocess.py:69} INFO - Tmp dir root location: 
 /tmp
[2026-09-11T10:35:17.391+0000] {subprocess.py:82} INFO - Running command: ['/opt/airflow/dbt_venv/bin/dbt', 'run', '--select', 'fqn:dbt_project.gold.anp.dm_produtos', '--project-dir', '/tmp/tmpzqlpxfay', '--profiles-dir', '/opt/airflow/pipelines/dbt_projects', '--profile', '***', '--target', 'dev']
[2026-09-11T10:35:17.405+0000] {subprocess.py:100} INFO - Command output:
[2026-09-11T10:35:21.401+0000] {subprocess.py:114} INFO - [0m10:35:21  Running with dbt=1.12.4
[2026-09-11T10:35:22.138+0000] {subprocess.py:114} INFO - [0m10:35:22  Registered adapter: postgres=1.11.0
[2026-09-11T10:35:23.740+0000] {subprocess.py:114} INFO - [0m10:35:23  Found 36 models, 2 operations, 19 data tests, 2 sources, 1690 macros
[2026-09-11T10:35:23.744+0000] {subprocess.py:114} INFO - [0m10:35:23  
[2026-09-11T10:35:23.745+0000] {subprocess.py:114} INFO - [0m10:35:23  Concurrency: 4 threads (target='dev')
[2026-09-11T10:35:23.745+0000] {subprocess.py:114} INFO - [0m10:35:23  
[2026-09-11T10:35:24.473+0000] {subprocess.py:114} INFO - [0m10:35:24  Elementary: Runtime data: {"config": {}, "dbt_version": "1.12.4", "elementary_version": "0.25.1", "database": "***", "schema": "bronze"}
[2026-09-11T10:35:24.489+0000] {subprocess.py:114} INFO - [0m10:35:24  1 of 1 START hook: elementary.on-run-start.0 ................................... [RUN]
[2026-09-11T10:35:24.490+0000] {subprocess.py:114} INFO - [0m10:35:24  1 of 1 OK hook: elementary.on-run-start.0 ...................................... [[32mOK[0m in 0.10s]
[2026-09-11T10:35:24.492+0000] {subprocess.py:114} INFO - [0m10:35:24  
[2026-09-11T10:35:24.502+0000] {subprocess.py:114} INFO - [0m10:35:24  1 of 1 START sql table model gold.dm_produtos .................................. [RUN]
[2026-09-11T10:35:34.836+0000] {subprocess.py:114} INFO - [0m10:35:34  1 of 1 OK created sql table model gold.dm_produtos ............................. [[32mSELECT 7[0m in 10.33s]
[2026-09-11T10:35:34.843+0000] {subprocess.py:114} INFO - [0m10:35:34  
[2026-09-11T10:35:37.982+0000] {subprocess.py:114} INFO - [0m10:35:37  1 of 1 START hook: elementary.on-run-end.0 ..................................... [RUN]
[2026-09-11T10:35:37.983+0000] {subprocess.py:114} INFO - [0m10:35:37  1 of 1 OK hook: elementary.on-run-end.0 ........................................ [[32mOK[0m in 3.06s]
[2026-09-11T10:35:37.989+0000] {subprocess.py:114} INFO - [0m10:35:37  
[2026-09-11T10:35:37.990+0000] {subprocess.py:114} INFO - [0m10:35:37  Finished running 2 project hooks, 1 table model in 0 hours 0 minutes and 14.24 seconds (14.24s).
[2026-09-11T10:35:38.258+0000] {subprocess.py:114} INFO - [0m10:35:38  
[2026-09-11T10:35:38.259+0000] {subprocess.py:114} INFO - [0m10:35:38  [32mCompleted successfully[0m
[2026-09-11T10:35:38.260+0000] {subprocess.py:114} INFO - [0m10:35:38  
[2026-09-11T10:35:38.261+0000] {subprocess.py:114} INFO - [0m10:35:38  Done. PASS=3 WARN=0 ERROR=0 SKIP=0 NO-OP=0 REUSED=0 TOTAL=3
[2026-09-11T10:35:39.474+0000] {subprocess.py:119} INFO - Command exited with return code 0
[2026-09-11T10:35:39.766+0000] {local.py:138} WARNING - Artifact schema version: https://schemas.getdbt.com/dbt/manifest/v12.json is above dbt-ol supported version 7. This might cause errors.
[2026-09-11T10:35:39.767+0000] {local.py:138} WARNING - Artifact schema version: https://schemas.getdbt.com/dbt/run-results/v6.json is above dbt-ol supported version 5. This might cause errors.
[2026-09-11T10:35:39.784+0000] {local.py:595} INFO - Inlets: [Dataset(uri='postgres://postgres:5432/datalab/silver/anp_combustivel', extra=None)]
[2026-09-11T10:35:39.785+0000] {local.py:596} INFO - Outlets: [Dataset(uri='postgres://postgres:5432/datalab/gold/dm_produtos', extra=None)]
[2026-09-11T10:35:39.786+0000] {local.py:873} INFO - Assigning inlets/outlets without DatasetAlias
[2026-09-11T10:35:39.787+0000] {dag.py:3096} INFO - Sync 1 DAGs
[2026-09-11T10:35:39.919+0000] {dag.py:3954} INFO - Setting next_dagrun for dag_dbt_anp to 2026-09-07 09:00:00+00:00, run_after=2026-09-14 09:00:00+00:00
[2026-09-11T10:35:40.114+0000] {taskinstance.py:441} INFO - ::group::Post task execution logs
[2026-09-11T10:35:40.117+0000] {logging_mixin.py:188} WARNING - /home/airflow/.local/lib/python3.12/site-packages/airflow/models/baseoperator.py:1564 RemovedInAirflow3Warning: Passing 'execution_date' to 'TaskInstance.xcom_push()' is deprecated.
[2026-09-11T10:35:40.497+0000] {taskinstance.py:1205} INFO - Marking task as SUCCESS. dag_id=dag_dbt_anp, task_id=dbt_transformations.dm_produtos.run, execution_date=20260911T103141, start_date=20260911T103509, end_date=20260911T103540
[2026-09-11T10:35:41.393+0000] {local_task_job_runner.py:240} INFO - Task exited with return code 0
[2026-09-11T10:35:41.546+0000] {taskinstance.py:3482} INFO - 0 downstream tasks scheduled from follow-on schedule check
[2026-09-11T10:35:41.550+0000] {local_task_job_runner.py:222} INFO - ::endgroup::

################################################################################
--- TASK EXECUTION: dbt_transformations.dm_produtos.test ---
################################################################################

[2026-09-11T10:35:42.248+0000] {local_task_job_runner.py:120} INFO - ::group::Pre task execution logs
[2026-09-11T10:35:42.393+0000] {taskinstance.py:2073} INFO - Dependencies all met for dep_context=non-requeueable deps ti=<TaskInstance: dag_dbt_anp.dbt_transformations.dm_produtos.test manual__2026-09-11T10:31:41.628729+00:00 [queued]>
[2026-09-11T10:35:42.418+0000] {taskinstance.py:2073} INFO - Dependencies all met for dep_context=requeueable deps ti=<TaskInstance: dag_dbt_anp.dbt_transformations.dm_produtos.test manual__2026-09-11T10:31:41.628729+00:00 [queued]>
[2026-09-11T10:35:42.420+0000] {taskinstance.py:2303} INFO - Starting attempt 1 of 2
[2026-09-11T10:35:42.491+0000] {taskinstance.py:2327} INFO - Executing <Task(DbtTestLocalOperator): dbt_transformations.dm_produtos.test> on 2026-09-11 10:31:41.628729+00:00
[2026-09-11T10:35:42.505+0000] {logging_mixin.py:188} WARNING - /home/airflow/.local/lib/python3.12/site-packages/airflow/task/task_runner/standard_task_runner.py:61 DeprecationWarning: This process (pid=1080) is multi-threaded, use of fork() may lead to deadlocks in the child.
[2026-09-11T10:35:42.507+0000] {standard_task_runner.py:63} INFO - Started process 1082 to run task
[2026-09-11T10:35:42.504+0000] {standard_task_runner.py:90} INFO - Running: ['airflow', 'tasks', 'run', 'dag_dbt_anp', 'dbt_transformations.dm_produtos.test', 'manual__2026-09-11T10:31:41.628729+00:00', '--job-id', '543', '--raw', '--subdir', 'DAGS_FOLDER/dag_dbt_anp.py', '--cfg-path', '/tmp/tmp6p_tui7m']
[2026-09-11T10:35:42.508+0000] {standard_task_runner.py:91} INFO - Job 543: Subtask dbt_transformations.dm_produtos.test
[2026-09-11T10:35:42.860+0000] {task_command.py:426} INFO - Running <TaskInstance: dag_dbt_anp.dbt_transformations.dm_produtos.test manual__2026-09-11T10:31:41.628729+00:00 [running]> on host 43d133c4f171
[2026-09-11T10:35:43.430+0000] {taskinstance.py:2644} INFO - Exporting env vars: AIRFLOW_CTX_DAG_OWNER='***' AIRFLOW_CTX_DAG_ID='dag_dbt_anp' AIRFLOW_CTX_TASK_ID='dbt_transformations.dm_produtos.test' AIRFLOW_CTX_EXECUTION_DATE='2026-09-11T10:31:41.628729+00:00' AIRFLOW_CTX_TRY_NUMBER='1' AIRFLOW_CTX_DAG_RUN_ID='manual__2026-09-11T10:31:41.628729+00:00'
[2026-09-11T10:35:43.432+0000] {taskinstance.py:430} INFO - ::endgroup::
[2026-09-11T10:35:43.677+0000] {local.py:298} INFO - Could not import dbtRunner. Falling back to subprocess for invoking dbt.
[2026-09-11T10:35:43.679+0000] {local.py:519} INFO - Cloning project to writable temp directory /tmp/tmpykdh7b49 from /opt/airflow/pipelines/dbt_projects
[2026-09-11T10:35:43.696+0000] {local.py:539} INFO - Partial parse is enabled and the latest partial parse file is /tmp/cosmos/dag_dbt_anp__dbt_transformations/target/partial_parse.msgpack
[2026-09-11T10:35:43.740+0000] {config.py:395} INFO - Using user-supplied profiles.yml at /opt/airflow/pipelines/dbt_projects/profiles.yml
[2026-09-11T10:35:43.757+0000] {local.py:482} INFO - Trying to run the command:
 ['/opt/airflow/dbt_venv/bin/dbt', 'deps', '--project-dir', '/tmp/tmpykdh7b49', '--profiles-dir', '/opt/airflow/pipelines/dbt_projects', '--profile', '***', '--target', 'dev']
From /tmp/tmpykdh7b49
[2026-09-11T10:35:43.758+0000] {subprocess.py:69} INFO - Tmp dir root location: 
 /tmp
[2026-09-11T10:35:43.760+0000] {subprocess.py:82} INFO - Running command: ['/opt/airflow/dbt_venv/bin/dbt', 'deps', '--project-dir', '/tmp/tmpykdh7b49', '--profiles-dir', '/opt/airflow/pipelines/dbt_projects', '--profile', '***', '--target', 'dev']
[2026-09-11T10:35:43.774+0000] {subprocess.py:100} INFO - Command output:
[2026-09-11T10:35:48.332+0000] {subprocess.py:114} INFO - [0m10:35:48  Running with dbt=1.12.4
[2026-09-11T10:35:49.340+0000] {subprocess.py:114} INFO - [0m10:35:49  Installing dbt-labs/dbt_utils
[2026-09-11T10:35:49.928+0000] {subprocess.py:114} INFO - [0m10:35:49  Installed from version 1.1.1
[2026-09-11T10:35:49.929+0000] {subprocess.py:114} INFO - [0m10:35:49  Updated version available: 1.4.1
[2026-09-11T10:35:49.931+0000] {subprocess.py:114} INFO - [0m10:35:49  Installing elementary-data/elementary
[2026-09-11T10:35:50.696+0000] {subprocess.py:114} INFO - [0m10:35:50  Installed from version 0.25.1
[2026-09-11T10:35:50.702+0000] {subprocess.py:114} INFO - [0m10:35:50  Updated version available: 0.26.0
[2026-09-11T10:35:50.703+0000] {subprocess.py:114} INFO - [0m10:35:50  
[2026-09-11T10:35:50.703+0000] {subprocess.py:114} INFO - [0m10:35:50  Updates available for packages: ['dbt-labs/dbt_utils', 'elementary-data/elementary']                 
[2026-09-11T10:35:50.704+0000] {subprocess.py:114} INFO - Update your versions in packages.yml, then run dbt deps
[2026-09-11T10:35:51.814+0000] {subprocess.py:119} INFO - Command exited with return code 0
[2026-09-11T10:35:51.815+0000] {local.py:482} INFO - Trying to run the command:
 ['/opt/airflow/dbt_venv/bin/dbt', 'test', '--select', 'dm_produtos', '--exclude', 'package:elementary', '--project-dir', '/tmp/tmpykdh7b49', '--profiles-dir', '/opt/airflow/pipelines/dbt_projects', '--profile', '***', '--target', 'dev']
From /tmp/tmpykdh7b49
[2026-09-11T10:35:51.816+0000] {subprocess.py:69} INFO - Tmp dir root location: 
 /tmp
[2026-09-11T10:35:51.817+0000] {subprocess.py:82} INFO - Running command: ['/opt/airflow/dbt_venv/bin/dbt', 'test', '--select', 'dm_produtos', '--exclude', 'package:elementary', '--project-dir', '/tmp/tmpykdh7b49', '--profiles-dir', '/opt/airflow/pipelines/dbt_projects', '--profile', '***', '--target', 'dev']
[2026-09-11T10:35:51.847+0000] {subprocess.py:100} INFO - Command output:
[2026-09-11T10:35:55.887+0000] {subprocess.py:114} INFO - [0m10:35:55  Running with dbt=1.12.4
[2026-09-11T10:35:56.298+0000] {subprocess.py:114} INFO - [0m10:35:56  Registered adapter: postgres=1.11.0
[2026-09-11T10:35:58.038+0000] {subprocess.py:114} INFO - [0m10:35:58  Found 36 models, 2 operations, 19 data tests, 2 sources, 1690 macros
[2026-09-11T10:35:58.044+0000] {subprocess.py:114} INFO - [0m10:35:58  
[2026-09-11T10:35:58.045+0000] {subprocess.py:114} INFO - [0m10:35:58  Concurrency: 4 threads (target='dev')
[2026-09-11T10:35:58.046+0000] {subprocess.py:114} INFO - [0m10:35:58  
[2026-09-11T10:35:58.628+0000] {subprocess.py:114} INFO - [0m10:35:58  Elementary: Runtime data: {"config": {}, "dbt_version": "1.12.4", "elementary_version": "0.25.1", "database": "***", "schema": "bronze"}
[2026-09-11T10:35:58.780+0000] {subprocess.py:114} INFO - [0m10:35:58  1 of 1 START hook: elementary.on-run-start.0 ................................... [RUN]
[2026-09-11T10:35:58.786+0000] {subprocess.py:114} INFO - [0m10:35:58  1 of 1 OK hook: elementary.on-run-start.0 ...................................... [[32mOK[0m in 0.28s]
[2026-09-11T10:35:58.787+0000] {subprocess.py:114} INFO - [0m10:35:58  
[2026-09-11T10:35:58.811+0000] {subprocess.py:114} INFO - [0m10:35:58  1 of 3 START test not_null_dm_produtos_id_produto_sk ........................... [RUN]
[2026-09-11T10:35:58.812+0000] {subprocess.py:114} INFO - [0m10:35:58  2 of 3 START test relationships_ft_anp_combustiveis_id_produto_sk__id_produto_sk__ref_dm_produtos_  [RUN]
[2026-09-11T10:35:58.814+0000] {subprocess.py:114} INFO - [0m10:35:58  3 of 3 START test unique_dm_produtos_id_produto_sk ............................. [RUN]
[2026-09-11T10:35:59.186+0000] {subprocess.py:114} INFO - [0m10:35:59  1 of 3 PASS not_null_dm_produtos_id_produto_sk ................................. [[32mPASS[0m in 0.37s]
[2026-09-11T10:35:59.191+0000] {subprocess.py:114} INFO - [0m10:35:59  3 of 3 PASS unique_dm_produtos_id_produto_sk ................................... [[32mPASS[0m in 0.37s]
[2026-09-11T10:36:03.159+0000] {subprocess.py:114} INFO - [0m10:36:03  2 of 3 PASS relationships_ft_anp_combustiveis_id_produto_sk__id_produto_sk__ref_dm_produtos_  [[32mPASS[0m in 4.34s]
[2026-09-11T10:36:03.169+0000] {subprocess.py:114} INFO - [0m10:36:03  
[2026-09-11T10:36:07.752+0000] {subprocess.py:114} INFO - [0m10:36:07  1 of 1 START hook: elementary.on-run-end.0 ..................................... [RUN]
[2026-09-11T10:36:07.754+0000] {subprocess.py:114} INFO - [0m10:36:07  1 of 1 OK hook: elementary.on-run-end.0 ........................................ [[32mOK[0m in 4.41s]
[2026-09-11T10:36:07.760+0000] {subprocess.py:114} INFO - [0m10:36:07  
[2026-09-11T10:36:07.761+0000] {subprocess.py:114} INFO - [0m10:36:07  Finished running 2 project hooks, 3 data tests in 0 hours 0 minutes and 9.71 seconds (9.71s).
[2026-09-11T10:36:08.135+0000] {subprocess.py:114} INFO - [0m10:36:08  
[2026-09-11T10:36:08.136+0000] {subprocess.py:114} INFO - [0m10:36:08  [32mCompleted successfully[0m
[2026-09-11T10:36:08.137+0000] {subprocess.py:114} INFO - [0m10:36:08  
[2026-09-11T10:36:08.138+0000] {subprocess.py:114} INFO - [0m10:36:08  Done. PASS=5 WARN=0 ERROR=0 SKIP=0 NO-OP=0 REUSED=0 TOTAL=5
[2026-09-11T10:36:09.400+0000] {subprocess.py:119} INFO - Command exited with return code 0
[2026-09-11T10:36:09.509+0000] {local.py:138} WARNING - Artifact schema version: https://schemas.getdbt.com/dbt/manifest/v12.json is above dbt-ol supported version 7. This might cause errors.
[2026-09-11T10:36:09.513+0000] {local.py:138} WARNING - Artifact schema version: https://schemas.getdbt.com/dbt/run-results/v6.json is above dbt-ol supported version 5. This might cause errors.
[2026-09-11T10:36:09.785+0000] {taskinstance.py:441} INFO - ::group::Post task execution logs
[2026-09-11T10:36:09.944+0000] {taskinstance.py:1205} INFO - Marking task as SUCCESS. dag_id=dag_dbt_anp, task_id=dbt_transformations.dm_produtos.test, execution_date=20260911T103141, start_date=20260911T103542, end_date=20260911T103609
[2026-09-11T10:36:10.858+0000] {local_task_job_runner.py:240} INFO - Task exited with return code 0
[2026-09-11T10:36:11.092+0000] {taskinstance.py:3482} INFO - 0 downstream tasks scheduled from follow-on schedule check
[2026-09-11T10:36:11.109+0000] {local_task_job_runner.py:222} INFO - ::endgroup::

################################################################################
--- TASK EXECUTION: dbt_transformations.ft_anp_combustiveis.run ---
################################################################################

[2026-09-11T10:35:09.749+0000] {local_task_job_runner.py:120} INFO - ::group::Pre task execution logs
[2026-09-11T10:35:09.865+0000] {taskinstance.py:2073} INFO - Dependencies all met for dep_context=non-requeueable deps ti=<TaskInstance: dag_dbt_anp.dbt_transformations.ft_anp_combustiveis.run manual__2026-09-11T10:31:41.628729+00:00 [queued]>
[2026-09-11T10:35:09.881+0000] {taskinstance.py:2073} INFO - Dependencies all met for dep_context=requeueable deps ti=<TaskInstance: dag_dbt_anp.dbt_transformations.ft_anp_combustiveis.run manual__2026-09-11T10:31:41.628729+00:00 [queued]>
[2026-09-11T10:35:09.884+0000] {taskinstance.py:2303} INFO - Starting attempt 1 of 2
[2026-09-11T10:35:09.906+0000] {taskinstance.py:2327} INFO - Executing <Task(DbtRunLocalOperator): dbt_transformations.ft_anp_combustiveis.run> on 2026-09-11 10:31:41.628729+00:00
[2026-09-11T10:35:09.918+0000] {logging_mixin.py:188} WARNING - /home/airflow/.local/lib/python3.12/site-packages/airflow/task/task_runner/standard_task_runner.py:61 DeprecationWarning: This process (pid=1018) is multi-threaded, use of fork() may lead to deadlocks in the child.
[2026-09-11T10:35:09.919+0000] {standard_task_runner.py:63} INFO - Started process 1019 to run task
[2026-09-11T10:35:09.919+0000] {standard_task_runner.py:90} INFO - Running: ['airflow', 'tasks', 'run', 'dag_dbt_anp', 'dbt_transformations.ft_anp_combustiveis.run', 'manual__2026-09-11T10:31:41.628729+00:00', '--job-id', '540', '--raw', '--subdir', 'DAGS_FOLDER/dag_dbt_anp.py', '--cfg-path', '/tmp/tmpyw0u6p_g']
[2026-09-11T10:35:09.924+0000] {standard_task_runner.py:91} INFO - Job 540: Subtask dbt_transformations.ft_anp_combustiveis.run
[2026-09-11T10:35:10.217+0000] {task_command.py:426} INFO - Running <TaskInstance: dag_dbt_anp.dbt_transformations.ft_anp_combustiveis.run manual__2026-09-11T10:31:41.628729+00:00 [running]> on host 43d133c4f171
[2026-09-11T10:35:10.667+0000] {taskinstance.py:2644} INFO - Exporting env vars: AIRFLOW_CTX_DAG_OWNER='***' AIRFLOW_CTX_DAG_ID='dag_dbt_anp' AIRFLOW_CTX_TASK_ID='dbt_transformations.ft_anp_combustiveis.run' AIRFLOW_CTX_EXECUTION_DATE='2026-09-11T10:31:41.628729+00:00' AIRFLOW_CTX_TRY_NUMBER='1' AIRFLOW_CTX_DAG_RUN_ID='manual__2026-09-11T10:31:41.628729+00:00'
[2026-09-11T10:35:10.669+0000] {taskinstance.py:430} INFO - ::endgroup::
[2026-09-11T10:35:10.672+0000] {local.py:298} INFO - Could not import dbtRunner. Falling back to subprocess for invoking dbt.
[2026-09-11T10:35:10.674+0000] {local.py:519} INFO - Cloning project to writable temp directory /tmp/tmpfyjd1f01 from /opt/airflow/pipelines/dbt_projects
[2026-09-11T10:35:10.689+0000] {local.py:539} INFO - Partial parse is enabled and the latest partial parse file is /tmp/cosmos/dag_dbt_anp__dbt_transformations/target/partial_parse.msgpack
[2026-09-11T10:35:10.741+0000] {config.py:395} INFO - Using user-supplied profiles.yml at /opt/airflow/pipelines/dbt_projects/profiles.yml
[2026-09-11T10:35:10.752+0000] {local.py:482} INFO - Trying to run the command:
 ['/opt/airflow/dbt_venv/bin/dbt', 'deps', '--project-dir', '/tmp/tmpfyjd1f01', '--profiles-dir', '/opt/airflow/pipelines/dbt_projects', '--profile', '***', '--target', 'dev']
From /tmp/tmpfyjd1f01
[2026-09-11T10:35:10.753+0000] {subprocess.py:69} INFO - Tmp dir root location: 
 /tmp
[2026-09-11T10:35:10.754+0000] {subprocess.py:82} INFO - Running command: ['/opt/airflow/dbt_venv/bin/dbt', 'deps', '--project-dir', '/tmp/tmpfyjd1f01', '--profiles-dir', '/opt/airflow/pipelines/dbt_projects', '--profile', '***', '--target', 'dev']
[2026-09-11T10:35:10.766+0000] {subprocess.py:100} INFO - Command output:
[2026-09-11T10:35:14.246+0000] {subprocess.py:114} INFO - [0m10:35:14  Running with dbt=1.12.4
[2026-09-11T10:35:15.267+0000] {subprocess.py:114} INFO - [0m10:35:15  Installing dbt-labs/dbt_utils
[2026-09-11T10:35:15.765+0000] {subprocess.py:114} INFO - [0m10:35:15  Installed from version 1.1.1
[2026-09-11T10:35:15.765+0000] {subprocess.py:114} INFO - [0m10:35:15  Updated version available: 1.4.1
[2026-09-11T10:35:15.767+0000] {subprocess.py:114} INFO - [0m10:35:15  Installing elementary-data/elementary
[2026-09-11T10:35:16.383+0000] {subprocess.py:114} INFO - [0m10:35:16  Installed from version 0.25.1
[2026-09-11T10:35:16.383+0000] {subprocess.py:114} INFO - [0m10:35:16  Updated version available: 0.26.0
[2026-09-11T10:35:16.384+0000] {subprocess.py:114} INFO - [0m10:35:16  
[2026-09-11T10:35:16.385+0000] {subprocess.py:114} INFO - [0m10:35:16  Updates available for packages: ['dbt-labs/dbt_utils', 'elementary-data/elementary']                 
[2026-09-11T10:35:16.386+0000] {subprocess.py:114} INFO - Update your versions in packages.yml, then run dbt deps
[2026-09-11T10:35:17.386+0000] {subprocess.py:119} INFO - Command exited with return code 0
[2026-09-11T10:35:17.387+0000] {local.py:482} INFO - Trying to run the command:
 ['/opt/airflow/dbt_venv/bin/dbt', 'run', '--select', 'fqn:dbt_project.gold.anp.ft_anp_combustiveis', '--project-dir', '/tmp/tmpfyjd1f01', '--profiles-dir', '/opt/airflow/pipelines/dbt_projects', '--profile', '***', '--target', 'dev']
From /tmp/tmpfyjd1f01
[2026-09-11T10:35:17.388+0000] {subprocess.py:69} INFO - Tmp dir root location: 
 /tmp
[2026-09-11T10:35:17.388+0000] {subprocess.py:82} INFO - Running command: ['/opt/airflow/dbt_venv/bin/dbt', 'run', '--select', 'fqn:dbt_project.gold.anp.ft_anp_combustiveis', '--project-dir', '/tmp/tmpfyjd1f01', '--profiles-dir', '/opt/airflow/pipelines/dbt_projects', '--profile', '***', '--target', 'dev']
[2026-09-11T10:35:17.402+0000] {subprocess.py:100} INFO - Command output:
[2026-09-11T10:35:21.359+0000] {subprocess.py:114} INFO - [0m10:35:21  Running with dbt=1.12.4
[2026-09-11T10:35:22.076+0000] {subprocess.py:114} INFO - [0m10:35:22  Registered adapter: postgres=1.11.0
[2026-09-11T10:35:23.604+0000] {subprocess.py:114} INFO - [0m10:35:23  Found 36 models, 2 operations, 19 data tests, 2 sources, 1690 macros
[2026-09-11T10:35:23.608+0000] {subprocess.py:114} INFO - [0m10:35:23  
[2026-09-11T10:35:23.608+0000] {subprocess.py:114} INFO - [0m10:35:23  Concurrency: 4 threads (target='dev')
[2026-09-11T10:35:23.609+0000] {subprocess.py:114} INFO - [0m10:35:23  
[2026-09-11T10:35:24.332+0000] {subprocess.py:114} INFO - [0m10:35:24  Elementary: Runtime data: {"config": {}, "dbt_version": "1.12.4", "elementary_version": "0.25.1", "database": "***", "schema": "bronze"}
[2026-09-11T10:35:24.347+0000] {subprocess.py:114} INFO - [0m10:35:24  1 of 1 START hook: elementary.on-run-start.0 ................................... [RUN]
[2026-09-11T10:35:24.353+0000] {subprocess.py:114} INFO - [0m10:35:24  1 of 1 OK hook: elementary.on-run-start.0 ...................................... [[32mOK[0m in 0.10s]
[2026-09-11T10:35:24.354+0000] {subprocess.py:114} INFO - [0m10:35:24  
[2026-09-11T10:35:24.362+0000] {subprocess.py:114} INFO - [0m10:35:24  1 of 1 START sql incremental model gold.ft_anp_combustiveis .................... [RUN]
[2026-09-11T10:35:40.363+0000] {subprocess.py:114} INFO - [0m10:35:40  1 of 1 OK created sql incremental model gold.ft_anp_combustiveis ............... [[32mINSERT 0 10458[0m in 15.99s]
[2026-09-11T10:35:40.374+0000] {subprocess.py:114} INFO - [0m10:35:40  
[2026-09-11T10:35:43.651+0000] {subprocess.py:114} INFO - [0m10:35:43  1 of 1 START hook: elementary.on-run-end.0 ..................................... [RUN]
[2026-09-11T10:35:43.651+0000] {subprocess.py:114} INFO - [0m10:35:43  1 of 1 OK hook: elementary.on-run-end.0 ........................................ [[32mOK[0m in 3.17s]
[2026-09-11T10:35:43.657+0000] {subprocess.py:114} INFO - [0m10:35:43  
[2026-09-11T10:35:43.659+0000] {subprocess.py:114} INFO - [0m10:35:43  Finished running 1 incremental model, 2 project hooks in 0 hours 0 minutes and 20.05 seconds (20.05s).
[2026-09-11T10:35:43.921+0000] {subprocess.py:114} INFO - [0m10:35:43  
[2026-09-11T10:35:43.922+0000] {subprocess.py:114} INFO - [0m10:35:43  [32mCompleted successfully[0m
[2026-09-11T10:35:43.923+0000] {subprocess.py:114} INFO - [0m10:35:43  
[2026-09-11T10:35:43.924+0000] {subprocess.py:114} INFO - [0m10:35:43  Done. PASS=3 WARN=0 ERROR=0 SKIP=0 NO-OP=0 REUSED=0 TOTAL=3
[2026-09-11T10:35:45.123+0000] {subprocess.py:119} INFO - Command exited with return code 0
[2026-09-11T10:35:45.422+0000] {local.py:138} WARNING - Artifact schema version: https://schemas.getdbt.com/dbt/manifest/v12.json is above dbt-ol supported version 7. This might cause errors.
[2026-09-11T10:35:45.423+0000] {local.py:138} WARNING - Artifact schema version: https://schemas.getdbt.com/dbt/run-results/v6.json is above dbt-ol supported version 5. This might cause errors.
[2026-09-11T10:35:45.439+0000] {local.py:595} INFO - Inlets: [Dataset(uri='postgres://postgres:5432/datalab/silver/anp_combustivel', extra=None)]
[2026-09-11T10:35:45.440+0000] {local.py:596} INFO - Outlets: [Dataset(uri='postgres://postgres:5432/datalab/gold/ft_anp_combustiveis', extra=None)]
[2026-09-11T10:35:45.441+0000] {local.py:873} INFO - Assigning inlets/outlets without DatasetAlias
[2026-09-11T10:35:45.441+0000] {dag.py:3096} INFO - Sync 1 DAGs
[2026-09-11T10:35:45.571+0000] {dag.py:3954} INFO - Setting next_dagrun for dag_dbt_anp to 2026-09-07 09:00:00+00:00, run_after=2026-09-14 09:00:00+00:00
[2026-09-11T10:35:45.838+0000] {taskinstance.py:441} INFO - ::group::Post task execution logs
[2026-09-11T10:35:45.844+0000] {logging_mixin.py:188} WARNING - /home/airflow/.local/lib/python3.12/site-packages/airflow/models/baseoperator.py:1564 RemovedInAirflow3Warning: Passing 'execution_date' to 'TaskInstance.xcom_push()' is deprecated.
[2026-09-11T10:35:46.161+0000] {taskinstance.py:1205} INFO - Marking task as SUCCESS. dag_id=dag_dbt_anp, task_id=dbt_transformations.ft_anp_combustiveis.run, execution_date=20260911T103141, start_date=20260911T103509, end_date=20260911T103546
[2026-09-11T10:35:47.062+0000] {local_task_job_runner.py:240} INFO - Task exited with return code 0
[2026-09-11T10:35:47.232+0000] {taskinstance.py:3482} INFO - 0 downstream tasks scheduled from follow-on schedule check
[2026-09-11T10:35:47.255+0000] {local_task_job_runner.py:222} INFO - ::endgroup::

################################################################################
--- TASK EXECUTION: dbt_transformations.ft_anp_combustiveis.test ---
################################################################################

[2026-09-11T10:35:48.018+0000] {local_task_job_runner.py:120} INFO - ::group::Pre task execution logs
[2026-09-11T10:35:48.155+0000] {taskinstance.py:2073} INFO - Dependencies all met for dep_context=non-requeueable deps ti=<TaskInstance: dag_dbt_anp.dbt_transformations.ft_anp_combustiveis.test manual__2026-09-11T10:31:41.628729+00:00 [queued]>
[2026-09-11T10:35:48.173+0000] {taskinstance.py:2073} INFO - Dependencies all met for dep_context=requeueable deps ti=<TaskInstance: dag_dbt_anp.dbt_transformations.ft_anp_combustiveis.test manual__2026-09-11T10:31:41.628729+00:00 [queued]>
[2026-09-11T10:35:48.177+0000] {taskinstance.py:2303} INFO - Starting attempt 1 of 2
[2026-09-11T10:35:48.204+0000] {taskinstance.py:2327} INFO - Executing <Task(DbtTestLocalOperator): dbt_transformations.ft_anp_combustiveis.test> on 2026-09-11 10:31:41.628729+00:00
[2026-09-11T10:35:48.221+0000] {logging_mixin.py:188} WARNING - /home/airflow/.local/lib/python3.12/site-packages/airflow/task/task_runner/standard_task_runner.py:61 DeprecationWarning: This process (pid=1086) is multi-threaded, use of fork() may lead to deadlocks in the child.
[2026-09-11T10:35:48.219+0000] {standard_task_runner.py:90} INFO - Running: ['airflow', 'tasks', 'run', 'dag_dbt_anp', 'dbt_transformations.ft_anp_combustiveis.test', 'manual__2026-09-11T10:31:41.628729+00:00', '--job-id', '545', '--raw', '--subdir', 'DAGS_FOLDER/dag_dbt_anp.py', '--cfg-path', '/tmp/tmpovr_3a6e']
[2026-09-11T10:35:48.223+0000] {standard_task_runner.py:91} INFO - Job 545: Subtask dbt_transformations.ft_anp_combustiveis.test
[2026-09-11T10:35:48.223+0000] {standard_task_runner.py:63} INFO - Started process 1087 to run task
[2026-09-11T10:35:48.568+0000] {task_command.py:426} INFO - Running <TaskInstance: dag_dbt_anp.dbt_transformations.ft_anp_combustiveis.test manual__2026-09-11T10:31:41.628729+00:00 [running]> on host 43d133c4f171
[2026-09-11T10:35:49.164+0000] {taskinstance.py:2644} INFO - Exporting env vars: AIRFLOW_CTX_DAG_OWNER='***' AIRFLOW_CTX_DAG_ID='dag_dbt_anp' AIRFLOW_CTX_TASK_ID='dbt_transformations.ft_anp_combustiveis.test' AIRFLOW_CTX_EXECUTION_DATE='2026-09-11T10:31:41.628729+00:00' AIRFLOW_CTX_TRY_NUMBER='1' AIRFLOW_CTX_DAG_RUN_ID='manual__2026-09-11T10:31:41.628729+00:00'
[2026-09-11T10:35:49.166+0000] {taskinstance.py:430} INFO - ::endgroup::
[2026-09-11T10:35:49.492+0000] {local.py:298} INFO - Could not import dbtRunner. Falling back to subprocess for invoking dbt.
[2026-09-11T10:35:49.494+0000] {local.py:519} INFO - Cloning project to writable temp directory /tmp/tmp1ncz6kst from /opt/airflow/pipelines/dbt_projects
[2026-09-11T10:35:49.512+0000] {local.py:539} INFO - Partial parse is enabled and the latest partial parse file is /tmp/cosmos/dag_dbt_anp__dbt_transformations/target/partial_parse.msgpack
[2026-09-11T10:35:49.573+0000] {config.py:395} INFO - Using user-supplied profiles.yml at /opt/airflow/pipelines/dbt_projects/profiles.yml
[2026-09-11T10:35:49.592+0000] {local.py:482} INFO - Trying to run the command:
 ['/opt/airflow/dbt_venv/bin/dbt', 'deps', '--project-dir', '/tmp/tmp1ncz6kst', '--profiles-dir', '/opt/airflow/pipelines/dbt_projects', '--profile', '***', '--target', 'dev']
From /tmp/tmp1ncz6kst
[2026-09-11T10:35:49.592+0000] {subprocess.py:69} INFO - Tmp dir root location: 
 /tmp
[2026-09-11T10:35:49.593+0000] {subprocess.py:82} INFO - Running command: ['/opt/airflow/dbt_venv/bin/dbt', 'deps', '--project-dir', '/tmp/tmp1ncz6kst', '--profiles-dir', '/opt/airflow/pipelines/dbt_projects', '--profile', '***', '--target', 'dev']
[2026-09-11T10:35:49.607+0000] {subprocess.py:100} INFO - Command output:
[2026-09-11T10:35:53.954+0000] {subprocess.py:114} INFO - [0m10:35:53  Running with dbt=1.12.4
[2026-09-11T10:35:54.824+0000] {subprocess.py:114} INFO - [0m10:35:54  Installing dbt-labs/dbt_utils
[2026-09-11T10:35:55.814+0000] {subprocess.py:114} INFO - [0m10:35:55  Installed from version 1.1.1
[2026-09-11T10:35:55.814+0000] {subprocess.py:114} INFO - [0m10:35:55  Updated version available: 1.4.1
[2026-09-11T10:35:55.817+0000] {subprocess.py:114} INFO - [0m10:35:55  Installing elementary-data/elementary
[2026-09-11T10:35:56.471+0000] {subprocess.py:114} INFO - [0m10:35:56  Installed from version 0.25.1
[2026-09-11T10:35:56.473+0000] {subprocess.py:114} INFO - [0m10:35:56  Updated version available: 0.26.0
[2026-09-11T10:35:56.475+0000] {subprocess.py:114} INFO - [0m10:35:56  
[2026-09-11T10:35:56.476+0000] {subprocess.py:114} INFO - [0m10:35:56  Updates available for packages: ['dbt-labs/dbt_utils', 'elementary-data/elementary']                 
[2026-09-11T10:35:56.476+0000] {subprocess.py:114} INFO - Update your versions in packages.yml, then run dbt deps
[2026-09-11T10:35:57.494+0000] {subprocess.py:119} INFO - Command exited with return code 0
[2026-09-11T10:35:57.495+0000] {local.py:482} INFO - Trying to run the command:
 ['/opt/airflow/dbt_venv/bin/dbt', 'test', '--select', 'ft_anp_combustiveis', '--exclude', 'package:elementary', '--project-dir', '/tmp/tmp1ncz6kst', '--profiles-dir', '/opt/airflow/pipelines/dbt_projects', '--profile', '***', '--target', 'dev']
From /tmp/tmp1ncz6kst
[2026-09-11T10:35:57.495+0000] {subprocess.py:69} INFO - Tmp dir root location: 
 /tmp
[2026-09-11T10:35:57.496+0000] {subprocess.py:82} INFO - Running command: ['/opt/airflow/dbt_venv/bin/dbt', 'test', '--select', 'ft_anp_combustiveis', '--exclude', 'package:elementary', '--project-dir', '/tmp/tmp1ncz6kst', '--profiles-dir', '/opt/airflow/pipelines/dbt_projects', '--profile', '***', '--target', 'dev']
[2026-09-11T10:35:57.509+0000] {subprocess.py:100} INFO - Command output:
[2026-09-11T10:36:04.531+0000] {subprocess.py:114} INFO - [0m10:36:04  Running with dbt=1.12.4
[2026-09-11T10:36:05.391+0000] {subprocess.py:114} INFO - [0m10:36:05  Registered adapter: postgres=1.11.0
[2026-09-11T10:36:07.130+0000] {subprocess.py:114} INFO - [0m10:36:07  Found 36 models, 2 operations, 19 data tests, 2 sources, 1690 macros
[2026-09-11T10:36:07.134+0000] {subprocess.py:114} INFO - [0m10:36:07  
[2026-09-11T10:36:07.134+0000] {subprocess.py:114} INFO - [0m10:36:07  Concurrency: 4 threads (target='dev')
[2026-09-11T10:36:07.135+0000] {subprocess.py:114} INFO - [0m10:36:07  
[2026-09-11T10:36:07.596+0000] {subprocess.py:114} INFO - [0m10:36:07  Elementary: Runtime data: {"config": {}, "dbt_version": "1.12.4", "elementary_version": "0.25.1", "database": "***", "schema": "bronze"}
[2026-09-11T10:36:07.653+0000] {subprocess.py:114} INFO - [0m10:36:07  1 of 1 START hook: elementary.on-run-start.0 ................................... [RUN]
[2026-09-11T10:36:07.655+0000] {subprocess.py:114} INFO - [0m10:36:07  1 of 1 OK hook: elementary.on-run-start.0 ...................................... [[32mOK[0m in 0.14s]
[2026-09-11T10:36:07.655+0000] {subprocess.py:114} INFO - [0m10:36:07  
[2026-09-11T10:36:07.666+0000] {subprocess.py:114} INFO - [0m10:36:07  1 of 8 START test dbt_utils_expression_is_true_ft_anp_combustiveis_valor_venda___0  [RUN]
[2026-09-11T10:36:07.671+0000] {subprocess.py:114} INFO - [0m10:36:07  2 of 8 START test not_null_ft_anp_combustiveis_id_fato ......................... [RUN]
[2026-09-11T10:36:07.674+0000] {subprocess.py:114} INFO - [0m10:36:07  3 of 8 START test not_null_ft_anp_combustiveis_id_posto_sk ..................... [RUN]
[2026-09-11T10:36:07.675+0000] {subprocess.py:114} INFO - [0m10:36:07  4 of 8 START test not_null_ft_anp_combustiveis_id_produto_sk ................... [RUN]
[2026-09-11T10:36:10.004+0000] {subprocess.py:114} INFO - [0m10:36:10  4 of 8 PASS not_null_ft_anp_combustiveis_id_produto_sk ......................... [[32mPASS[0m in 2.33s]
[2026-09-11T10:36:10.010+0000] {subprocess.py:114} INFO - [0m10:36:10  1 of 8 PASS dbt_utils_expression_is_true_ft_anp_combustiveis_valor_venda___0 ... [[32mPASS[0m in 2.34s]
[2026-09-11T10:36:10.013+0000] {subprocess.py:114} INFO - [0m10:36:10  2 of 8 PASS not_null_ft_anp_combustiveis_id_fato ............................... [[32mPASS[0m in 2.34s]
[2026-09-11T10:36:10.015+0000] {subprocess.py:114} INFO - [0m10:36:10  3 of 8 PASS not_null_ft_anp_combustiveis_id_posto_sk ........................... [[32mPASS[0m in 2.34s]
[2026-09-11T10:36:10.019+0000] {subprocess.py:114} INFO - [0m10:36:10  5 of 8 START test not_null_ft_anp_combustiveis_valor_venda ..................... [RUN]
[2026-09-11T10:36:10.024+0000] {subprocess.py:114} INFO - [0m10:36:10  6 of 8 START test relationships_ft_anp_combustiveis_id_posto_sk__id_posto_sk__ref_dm_postos_  [RUN]
[2026-09-11T10:36:10.027+0000] {subprocess.py:114} INFO - [0m10:36:10  7 of 8 START test relationships_ft_anp_combustiveis_id_produto_sk__id_produto_sk__ref_dm_produtos_  [RUN]
[2026-09-11T10:36:10.030+0000] {subprocess.py:114} INFO - [0m10:36:10  8 of 8 START test unique_ft_anp_combustiveis_id_fato ........................... [RUN]
[2026-09-11T10:36:12.975+0000] {subprocess.py:114} INFO - [0m10:36:12  5 of 8 PASS not_null_ft_anp_combustiveis_valor_venda ........................... [[32mPASS[0m in 2.95s]
[2026-09-11T10:36:12.977+0000] {subprocess.py:114} INFO - [0m10:36:12  7 of 8 PASS relationships_ft_anp_combustiveis_id_produto_sk__id_produto_sk__ref_dm_produtos_  [[32mPASS[0m in 2.94s]
[2026-09-11T10:36:14.366+0000] {subprocess.py:114} INFO - [0m10:36:14  6 of 8 PASS relationships_ft_anp_combustiveis_id_posto_sk__id_posto_sk__ref_dm_postos_  [[32mPASS[0m in 4.34s]
[2026-09-11T10:36:17.956+0000] {subprocess.py:114} INFO - [0m10:36:17  8 of 8 PASS unique_ft_anp_combustiveis_id_fato ................................. [[32mPASS[0m in 7.91s]
[2026-09-11T10:36:17.961+0000] {subprocess.py:114} INFO - [0m10:36:17  
[2026-09-11T10:36:21.467+0000] {subprocess.py:114} INFO - [0m10:36:21  1 of 1 START hook: elementary.on-run-end.0 ..................................... [RUN]
[2026-09-11T10:36:21.468+0000] {subprocess.py:114} INFO - [0m10:36:21  1 of 1 OK hook: elementary.on-run-end.0 ........................................ [[32mOK[0m in 3.44s]
[2026-09-11T10:36:21.473+0000] {subprocess.py:114} INFO - [0m10:36:21  
[2026-09-11T10:36:21.474+0000] {subprocess.py:114} INFO - [0m10:36:21  Finished running 2 project hooks, 8 data tests in 0 hours 0 minutes and 14.34 seconds (14.34s).
[2026-09-11T10:36:21.912+0000] {subprocess.py:114} INFO - [0m10:36:21  
[2026-09-11T10:36:21.913+0000] {subprocess.py:114} INFO - [0m10:36:21  [32mCompleted successfully[0m
[2026-09-11T10:36:21.914+0000] {subprocess.py:114} INFO - [0m10:36:21  
[2026-09-11T10:36:21.916+0000] {subprocess.py:114} INFO - [0m10:36:21  Done. PASS=10 WARN=0 ERROR=0 SKIP=0 NO-OP=0 REUSED=0 TOTAL=10
[2026-09-11T10:36:23.010+0000] {subprocess.py:119} INFO - Command exited with return code 0
[2026-09-11T10:36:23.066+0000] {local.py:138} WARNING - Artifact schema version: https://schemas.getdbt.com/dbt/manifest/v12.json is above dbt-ol supported version 7. This might cause errors.
[2026-09-11T10:36:23.067+0000] {local.py:138} WARNING - Artifact schema version: https://schemas.getdbt.com/dbt/run-results/v6.json is above dbt-ol supported version 5. This might cause errors.
[2026-09-11T10:36:23.229+0000] {taskinstance.py:441} INFO - ::group::Post task execution logs
[2026-09-11T10:36:23.315+0000] {taskinstance.py:1205} INFO - Marking task as SUCCESS. dag_id=dag_dbt_anp, task_id=dbt_transformations.ft_anp_combustiveis.test, execution_date=20260911T103141, start_date=20260911T103548, end_date=20260911T103623
[2026-09-11T10:36:24.169+0000] {local_task_job_runner.py:240} INFO - Task exited with return code 0
[2026-09-11T10:36:24.298+0000] {taskinstance.py:3482} INFO - 0 downstream tasks scheduled from follow-on schedule check
[2026-09-11T10:36:24.318+0000] {local_task_job_runner.py:222} INFO - ::endgroup::

################################################################################
--- TASK EXECUTION: dbt_transformations.stg_anp_mensal_run ---
################################################################################

[2026-09-11T10:33:32.126+0000] {local_task_job_runner.py:120} INFO - ::group::Pre task execution logs
[2026-09-11T10:33:32.331+0000] {taskinstance.py:2073} INFO - Dependencies all met for dep_context=non-requeueable deps ti=<TaskInstance: dag_dbt_anp.dbt_transformations.stg_anp_mensal_run manual__2026-09-11T10:31:41.628729+00:00 [queued]>
[2026-09-11T10:33:32.352+0000] {taskinstance.py:2073} INFO - Dependencies all met for dep_context=requeueable deps ti=<TaskInstance: dag_dbt_anp.dbt_transformations.stg_anp_mensal_run manual__2026-09-11T10:31:41.628729+00:00 [queued]>
[2026-09-11T10:33:32.355+0000] {taskinstance.py:2303} INFO - Starting attempt 1 of 2
[2026-09-11T10:33:32.386+0000] {taskinstance.py:2327} INFO - Executing <Task(DbtRunLocalOperator): dbt_transformations.stg_anp_mensal_run> on 2026-09-11 10:31:41.628729+00:00
[2026-09-11T10:33:32.400+0000] {standard_task_runner.py:90} INFO - Running: ['airflow', 'tasks', 'run', 'dag_dbt_anp', 'dbt_transformations.stg_anp_mensal_run', 'manual__2026-09-11T10:31:41.628729+00:00', '--job-id', '536', '--raw', '--subdir', 'DAGS_FOLDER/dag_dbt_anp.py', '--cfg-path', '/tmp/tmp20fdbl4q']
[2026-09-11T10:33:32.404+0000] {standard_task_runner.py:91} INFO - Job 536: Subtask dbt_transformations.stg_anp_mensal_run
[2026-09-11T10:33:32.409+0000] {logging_mixin.py:188} WARNING - /home/airflow/.local/lib/python3.12/site-packages/airflow/task/task_runner/standard_task_runner.py:61 DeprecationWarning: This process (pid=915) is multi-threaded, use of fork() may lead to deadlocks in the child.
[2026-09-11T10:33:32.410+0000] {standard_task_runner.py:63} INFO - Started process 917 to run task
[2026-09-11T10:33:32.680+0000] {task_command.py:426} INFO - Running <TaskInstance: dag_dbt_anp.dbt_transformations.stg_anp_mensal_run manual__2026-09-11T10:31:41.628729+00:00 [running]> on host 43d133c4f171
[2026-09-11T10:33:33.148+0000] {taskinstance.py:2644} INFO - Exporting env vars: AIRFLOW_CTX_DAG_OWNER='***' AIRFLOW_CTX_DAG_ID='dag_dbt_anp' AIRFLOW_CTX_TASK_ID='dbt_transformations.stg_anp_mensal_run' AIRFLOW_CTX_EXECUTION_DATE='2026-09-11T10:31:41.628729+00:00' AIRFLOW_CTX_TRY_NUMBER='1' AIRFLOW_CTX_DAG_RUN_ID='manual__2026-09-11T10:31:41.628729+00:00'
[2026-09-11T10:33:33.150+0000] {taskinstance.py:430} INFO - ::endgroup::
[2026-09-11T10:33:33.153+0000] {local.py:298} INFO - Could not import dbtRunner. Falling back to subprocess for invoking dbt.
[2026-09-11T10:33:33.155+0000] {local.py:519} INFO - Cloning project to writable temp directory /tmp/tmpx71a9l_h from /opt/airflow/pipelines/dbt_projects
[2026-09-11T10:33:33.170+0000] {local.py:539} INFO - Partial parse is enabled and the latest partial parse file is /opt/airflow/pipelines/dbt_projects/target/partial_parse.msgpack
[2026-09-11T10:33:33.293+0000] {config.py:395} INFO - Using user-supplied profiles.yml at /opt/airflow/pipelines/dbt_projects/profiles.yml
[2026-09-11T10:33:33.306+0000] {local.py:482} INFO - Trying to run the command:
 ['/opt/airflow/dbt_venv/bin/dbt', 'deps', '--project-dir', '/tmp/tmpx71a9l_h', '--profiles-dir', '/opt/airflow/pipelines/dbt_projects', '--profile', '***', '--target', 'dev']
From /tmp/tmpx71a9l_h
[2026-09-11T10:33:33.306+0000] {subprocess.py:69} INFO - Tmp dir root location: 
 /tmp
[2026-09-11T10:33:33.307+0000] {subprocess.py:82} INFO - Running command: ['/opt/airflow/dbt_venv/bin/dbt', 'deps', '--project-dir', '/tmp/tmpx71a9l_h', '--profiles-dir', '/opt/airflow/pipelines/dbt_projects', '--profile', '***', '--target', 'dev']
[2026-09-11T10:33:33.317+0000] {subprocess.py:100} INFO - Command output:
[2026-09-11T10:33:36.489+0000] {subprocess.py:114} INFO - [0m10:33:36  Running with dbt=1.12.4
[2026-09-11T10:33:37.260+0000] {subprocess.py:114} INFO - [0m10:33:37  Installing dbt-labs/dbt_utils
[2026-09-11T10:33:37.812+0000] {subprocess.py:114} INFO - [0m10:33:37  Installed from version 1.1.1
[2026-09-11T10:33:37.812+0000] {subprocess.py:114} INFO - [0m10:33:37  Updated version available: 1.4.1
[2026-09-11T10:33:37.815+0000] {subprocess.py:114} INFO - [0m10:33:37  Installing elementary-data/elementary
[2026-09-11T10:33:38.485+0000] {subprocess.py:114} INFO - [0m10:33:38  Installed from version 0.25.1
[2026-09-11T10:33:38.486+0000] {subprocess.py:114} INFO - [0m10:33:38  Updated version available: 0.26.0
[2026-09-11T10:33:38.488+0000] {subprocess.py:114} INFO - [0m10:33:38  
[2026-09-11T10:33:38.489+0000] {subprocess.py:114} INFO - [0m10:33:38  Updates available for packages: ['dbt-labs/dbt_utils', 'elementary-data/elementary']                 
[2026-09-11T10:33:38.490+0000] {subprocess.py:114} INFO - Update your versions in packages.yml, then run dbt deps
[2026-09-11T10:33:39.520+0000] {subprocess.py:119} INFO - Command exited with return code 0
[2026-09-11T10:33:39.521+0000] {local.py:482} INFO - Trying to run the command:
 ['/opt/airflow/dbt_venv/bin/dbt', 'run', '--select', 'fqn:dbt_project.bronze.anp.stg_anp_mensal', '--project-dir', '/tmp/tmpx71a9l_h', '--profiles-dir', '/opt/airflow/pipelines/dbt_projects', '--profile', '***', '--target', 'dev']
From /tmp/tmpx71a9l_h
[2026-09-11T10:33:39.522+0000] {subprocess.py:69} INFO - Tmp dir root location: 
 /tmp
[2026-09-11T10:33:39.523+0000] {subprocess.py:82} INFO - Running command: ['/opt/airflow/dbt_venv/bin/dbt', 'run', '--select', 'fqn:dbt_project.bronze.anp.stg_anp_mensal', '--project-dir', '/tmp/tmpx71a9l_h', '--profiles-dir', '/opt/airflow/pipelines/dbt_projects', '--profile', '***', '--target', 'dev']
[2026-09-11T10:33:39.536+0000] {subprocess.py:100} INFO - Command output:
[2026-09-11T10:33:42.786+0000] {subprocess.py:114} INFO - [0m10:33:42  Running with dbt=1.12.4
[2026-09-11T10:33:43.185+0000] {subprocess.py:114} INFO - [0m10:33:43  Registered adapter: postgres=1.11.0
[2026-09-11T10:33:44.477+0000] {subprocess.py:114} INFO - [0m10:33:44  Found 36 models, 2 operations, 19 data tests, 2 sources, 1690 macros
[2026-09-11T10:33:44.480+0000] {subprocess.py:114} INFO - [0m10:33:44  
[2026-09-11T10:33:44.481+0000] {subprocess.py:114} INFO - [0m10:33:44  Concurrency: 4 threads (target='dev')
[2026-09-11T10:33:44.482+0000] {subprocess.py:114} INFO - [0m10:33:44  
[2026-09-11T10:33:45.044+0000] {subprocess.py:114} INFO - [0m10:33:45  Elementary: Runtime data: {"config": {}, "dbt_version": "1.12.4", "elementary_version": "0.25.1", "database": "***", "schema": "bronze"}
[2026-09-11T10:33:45.061+0000] {subprocess.py:114} INFO - [0m10:33:45  1 of 1 START hook: elementary.on-run-start.0 ................................... [RUN]
[2026-09-11T10:33:45.063+0000] {subprocess.py:114} INFO - [0m10:33:45  1 of 1 OK hook: elementary.on-run-start.0 ...................................... [[32mOK[0m in 0.07s]
[2026-09-11T10:33:45.064+0000] {subprocess.py:114} INFO - [0m10:33:45  
[2026-09-11T10:33:45.073+0000] {subprocess.py:114} INFO - [0m10:33:45  1 of 1 START sql view model bronze.stg_anp_mensal .............................. [RUN]
[2026-09-11T10:33:45.343+0000] {subprocess.py:114} INFO - [0m10:33:45  1 of 1 OK created sql view model bronze.stg_anp_mensal ......................... [[32mCREATE VIEW[0m in 0.27s]
[2026-09-11T10:33:45.349+0000] {subprocess.py:114} INFO - [0m10:33:45  
[2026-09-11T10:33:47.248+0000] {subprocess.py:114} INFO - [0m10:33:47  1 of 1 START hook: elementary.on-run-end.0 ..................................... [RUN]
[2026-09-11T10:33:47.249+0000] {subprocess.py:114} INFO - [0m10:33:47  1 of 1 OK hook: elementary.on-run-end.0 ........................................ [[32mOK[0m in 1.82s]
[2026-09-11T10:33:47.252+0000] {subprocess.py:114} INFO - [0m10:33:47  
[2026-09-11T10:33:47.253+0000] {subprocess.py:114} INFO - [0m10:33:47  Finished running 2 project hooks, 1 view model in 0 hours 0 minutes and 2.77 seconds (2.77s).
[2026-09-11T10:33:47.433+0000] {subprocess.py:114} INFO - [0m10:33:47  
[2026-09-11T10:33:47.433+0000] {subprocess.py:114} INFO - [0m10:33:47  [32mCompleted successfully[0m
[2026-09-11T10:33:47.434+0000] {subprocess.py:114} INFO - [0m10:33:47  
[2026-09-11T10:33:47.434+0000] {subprocess.py:114} INFO - [0m10:33:47  Done. PASS=3 WARN=0 ERROR=0 SKIP=0 NO-OP=0 REUSED=0 TOTAL=3
[2026-09-11T10:33:48.483+0000] {subprocess.py:119} INFO - Command exited with return code 0
[2026-09-11T10:33:48.775+0000] {local.py:138} WARNING - Artifact schema version: https://schemas.getdbt.com/dbt/manifest/v12.json is above dbt-ol supported version 7. This might cause errors.
[2026-09-11T10:33:48.776+0000] {local.py:138} WARNING - Artifact schema version: https://schemas.getdbt.com/dbt/run-results/v6.json is above dbt-ol supported version 5. This might cause errors.
[2026-09-11T10:33:48.791+0000] {local.py:595} INFO - Inlets: [Dataset(uri='postgres://postgres:5432/datalab/bronze/anp_landing_mensal', extra=None)]
[2026-09-11T10:33:48.792+0000] {local.py:596} INFO - Outlets: [Dataset(uri='postgres://postgres:5432/datalab/bronze/stg_anp_mensal', extra=None)]
[2026-09-11T10:33:48.793+0000] {local.py:873} INFO - Assigning inlets/outlets without DatasetAlias
[2026-09-11T10:33:48.793+0000] {dag.py:3096} INFO - Sync 1 DAGs
[2026-09-11T10:33:48.978+0000] {dag.py:3954} INFO - Setting next_dagrun for dag_dbt_anp to 2026-09-07 09:00:00+00:00, run_after=2026-09-14 09:00:00+00:00
[2026-09-11T10:33:49.145+0000] {taskinstance.py:441} INFO - ::group::Post task execution logs
[2026-09-11T10:33:49.149+0000] {logging_mixin.py:188} WARNING - /home/airflow/.local/lib/python3.12/site-packages/airflow/models/baseoperator.py:1564 RemovedInAirflow3Warning: Passing 'execution_date' to 'TaskInstance.xcom_push()' is deprecated.
[2026-09-11T10:33:49.406+0000] {taskinstance.py:1205} INFO - Marking task as SUCCESS. dag_id=dag_dbt_anp, task_id=dbt_transformations.stg_anp_mensal_run, execution_date=20260911T103141, start_date=20260911T103332, end_date=20260911T103349
[2026-09-11T10:33:50.321+0000] {local_task_job_runner.py:240} INFO - Task exited with return code 0
[2026-09-11T10:33:50.435+0000] {taskinstance.py:3482} INFO - 0 downstream tasks scheduled from follow-on schedule check
[2026-09-11T10:33:50.444+0000] {local_task_job_runner.py:222} INFO - ::endgroup::

################################################################################
--- TASK EXECUTION: dbt_transformations.stg_anp_semanal_run ---
################################################################################

[2026-09-11T10:33:32.130+0000] {local_task_job_runner.py:120} INFO - ::group::Pre task execution logs
[2026-09-11T10:33:32.333+0000] {taskinstance.py:2073} INFO - Dependencies all met for dep_context=non-requeueable deps ti=<TaskInstance: dag_dbt_anp.dbt_transformations.stg_anp_semanal_run manual__2026-09-11T10:31:41.628729+00:00 [queued]>
[2026-09-11T10:33:32.353+0000] {taskinstance.py:2073} INFO - Dependencies all met for dep_context=requeueable deps ti=<TaskInstance: dag_dbt_anp.dbt_transformations.stg_anp_semanal_run manual__2026-09-11T10:31:41.628729+00:00 [queued]>
[2026-09-11T10:33:32.355+0000] {taskinstance.py:2303} INFO - Starting attempt 1 of 2
[2026-09-11T10:33:32.400+0000] {taskinstance.py:2327} INFO - Executing <Task(DbtRunLocalOperator): dbt_transformations.stg_anp_semanal_run> on 2026-09-11 10:31:41.628729+00:00
[2026-09-11T10:33:32.413+0000] {standard_task_runner.py:90} INFO - Running: ['airflow', 'tasks', 'run', 'dag_dbt_anp', 'dbt_transformations.stg_anp_semanal_run', 'manual__2026-09-11T10:31:41.628729+00:00', '--job-id', '537', '--raw', '--subdir', 'DAGS_FOLDER/dag_dbt_anp.py', '--cfg-path', '/tmp/tmpaoonb1kr']
[2026-09-11T10:33:32.417+0000] {logging_mixin.py:188} WARNING - /home/airflow/.local/lib/python3.12/site-packages/airflow/task/task_runner/standard_task_runner.py:61 DeprecationWarning: This process (pid=916) is multi-threaded, use of fork() may lead to deadlocks in the child.
[2026-09-11T10:33:32.417+0000] {standard_task_runner.py:91} INFO - Job 537: Subtask dbt_transformations.stg_anp_semanal_run
[2026-09-11T10:33:32.418+0000] {standard_task_runner.py:63} INFO - Started process 918 to run task
[2026-09-11T10:33:32.695+0000] {task_command.py:426} INFO - Running <TaskInstance: dag_dbt_anp.dbt_transformations.stg_anp_semanal_run manual__2026-09-11T10:31:41.628729+00:00 [running]> on host 43d133c4f171
[2026-09-11T10:33:33.139+0000] {taskinstance.py:2644} INFO - Exporting env vars: AIRFLOW_CTX_DAG_OWNER='***' AIRFLOW_CTX_DAG_ID='dag_dbt_anp' AIRFLOW_CTX_TASK_ID='dbt_transformations.stg_anp_semanal_run' AIRFLOW_CTX_EXECUTION_DATE='2026-09-11T10:31:41.628729+00:00' AIRFLOW_CTX_TRY_NUMBER='1' AIRFLOW_CTX_DAG_RUN_ID='manual__2026-09-11T10:31:41.628729+00:00'
[2026-09-11T10:33:33.141+0000] {taskinstance.py:430} INFO - ::endgroup::
[2026-09-11T10:33:33.146+0000] {local.py:298} INFO - Could not import dbtRunner. Falling back to subprocess for invoking dbt.
[2026-09-11T10:33:33.148+0000] {local.py:519} INFO - Cloning project to writable temp directory /tmp/tmp9x7sn8jl from /opt/airflow/pipelines/dbt_projects
[2026-09-11T10:33:33.164+0000] {local.py:539} INFO - Partial parse is enabled and the latest partial parse file is /opt/airflow/pipelines/dbt_projects/target/partial_parse.msgpack
[2026-09-11T10:33:33.289+0000] {config.py:395} INFO - Using user-supplied profiles.yml at /opt/airflow/pipelines/dbt_projects/profiles.yml
[2026-09-11T10:33:33.305+0000] {local.py:482} INFO - Trying to run the command:
 ['/opt/airflow/dbt_venv/bin/dbt', 'deps', '--project-dir', '/tmp/tmp9x7sn8jl', '--profiles-dir', '/opt/airflow/pipelines/dbt_projects', '--profile', '***', '--target', 'dev']
From /tmp/tmp9x7sn8jl
[2026-09-11T10:33:33.306+0000] {subprocess.py:69} INFO - Tmp dir root location: 
 /tmp
[2026-09-11T10:33:33.306+0000] {subprocess.py:82} INFO - Running command: ['/opt/airflow/dbt_venv/bin/dbt', 'deps', '--project-dir', '/tmp/tmp9x7sn8jl', '--profiles-dir', '/opt/airflow/pipelines/dbt_projects', '--profile', '***', '--target', 'dev']
[2026-09-11T10:33:33.317+0000] {subprocess.py:100} INFO - Command output:
[2026-09-11T10:33:36.495+0000] {subprocess.py:114} INFO - [0m10:33:36  Running with dbt=1.12.4
[2026-09-11T10:33:37.303+0000] {subprocess.py:114} INFO - [0m10:33:37  Installing dbt-labs/dbt_utils
[2026-09-11T10:33:37.762+0000] {subprocess.py:114} INFO - [0m10:33:37  Installed from version 1.1.1
[2026-09-11T10:33:37.763+0000] {subprocess.py:114} INFO - [0m10:33:37  Updated version available: 1.4.1
[2026-09-11T10:33:37.765+0000] {subprocess.py:114} INFO - [0m10:33:37  Installing elementary-data/elementary
[2026-09-11T10:33:38.496+0000] {subprocess.py:114} INFO - [0m10:33:38  Installed from version 0.25.1
[2026-09-11T10:33:38.497+0000] {subprocess.py:114} INFO - [0m10:33:38  Updated version available: 0.26.0
[2026-09-11T10:33:38.499+0000] {subprocess.py:114} INFO - [0m10:33:38  
[2026-09-11T10:33:38.500+0000] {subprocess.py:114} INFO - [0m10:33:38  Updates available for packages: ['dbt-labs/dbt_utils', 'elementary-data/elementary']                 
[2026-09-11T10:33:38.501+0000] {subprocess.py:114} INFO - Update your versions in packages.yml, then run dbt deps
[2026-09-11T10:33:39.524+0000] {subprocess.py:119} INFO - Command exited with return code 0
[2026-09-11T10:33:39.525+0000] {local.py:482} INFO - Trying to run the command:
 ['/opt/airflow/dbt_venv/bin/dbt', 'run', '--select', 'fqn:dbt_project.bronze.anp.stg_anp_semanal', '--project-dir', '/tmp/tmp9x7sn8jl', '--profiles-dir', '/opt/airflow/pipelines/dbt_projects', '--profile', '***', '--target', 'dev']
From /tmp/tmp9x7sn8jl
[2026-09-11T10:33:39.526+0000] {subprocess.py:69} INFO - Tmp dir root location: 
 /tmp
[2026-09-11T10:33:39.526+0000] {subprocess.py:82} INFO - Running command: ['/opt/airflow/dbt_venv/bin/dbt', 'run', '--select', 'fqn:dbt_project.bronze.anp.stg_anp_semanal', '--project-dir', '/tmp/tmp9x7sn8jl', '--profiles-dir', '/opt/airflow/pipelines/dbt_projects', '--profile', '***', '--target', 'dev']
[2026-09-11T10:33:39.538+0000] {subprocess.py:100} INFO - Command output:
[2026-09-11T10:33:42.844+0000] {subprocess.py:114} INFO - [0m10:33:42  Running with dbt=1.12.4
[2026-09-11T10:33:43.221+0000] {subprocess.py:114} INFO - [0m10:33:43  Registered adapter: postgres=1.11.0
[2026-09-11T10:33:44.477+0000] {subprocess.py:114} INFO - [0m10:33:44  Found 36 models, 2 operations, 19 data tests, 2 sources, 1690 macros
[2026-09-11T10:33:44.480+0000] {subprocess.py:114} INFO - [0m10:33:44  
[2026-09-11T10:33:44.481+0000] {subprocess.py:114} INFO - [0m10:33:44  Concurrency: 4 threads (target='dev')
[2026-09-11T10:33:44.482+0000] {subprocess.py:114} INFO - [0m10:33:44  
[2026-09-11T10:33:45.046+0000] {subprocess.py:114} INFO - [0m10:33:45  Elementary: Runtime data: {"config": {}, "dbt_version": "1.12.4", "elementary_version": "0.25.1", "database": "***", "schema": "bronze"}
[2026-09-11T10:33:45.063+0000] {subprocess.py:114} INFO - [0m10:33:45  1 of 1 START hook: elementary.on-run-start.0 ................................... [RUN]
[2026-09-11T10:33:45.064+0000] {subprocess.py:114} INFO - [0m10:33:45  1 of 1 OK hook: elementary.on-run-start.0 ...................................... [[32mOK[0m in 0.07s]
[2026-09-11T10:33:45.065+0000] {subprocess.py:114} INFO - [0m10:33:45  
[2026-09-11T10:33:45.074+0000] {subprocess.py:114} INFO - [0m10:33:45  1 of 1 START sql view model bronze.stg_anp_semanal ............................. [RUN]
[2026-09-11T10:33:45.358+0000] {subprocess.py:114} INFO - [0m10:33:45  1 of 1 OK created sql view model bronze.stg_anp_semanal ........................ [[32mCREATE VIEW[0m in 0.28s]
[2026-09-11T10:33:45.363+0000] {subprocess.py:114} INFO - [0m10:33:45  
[2026-09-11T10:33:47.274+0000] {subprocess.py:114} INFO - [0m10:33:47  1 of 1 START hook: elementary.on-run-end.0 ..................................... [RUN]
[2026-09-11T10:33:47.275+0000] {subprocess.py:114} INFO - [0m10:33:47  1 of 1 OK hook: elementary.on-run-end.0 ........................................ [[32mOK[0m in 1.84s]
[2026-09-11T10:33:47.278+0000] {subprocess.py:114} INFO - [0m10:33:47  
[2026-09-11T10:33:47.279+0000] {subprocess.py:114} INFO - [0m10:33:47  Finished running 2 project hooks, 1 view model in 0 hours 0 minutes and 2.80 seconds (2.80s).
[2026-09-11T10:33:47.453+0000] {subprocess.py:114} INFO - [0m10:33:47  
[2026-09-11T10:33:47.455+0000] {subprocess.py:114} INFO - [0m10:33:47  [32mCompleted successfully[0m
[2026-09-11T10:33:47.457+0000] {subprocess.py:114} INFO - [0m10:33:47  
[2026-09-11T10:33:47.458+0000] {subprocess.py:114} INFO - [0m10:33:47  Done. PASS=3 WARN=0 ERROR=0 SKIP=0 NO-OP=0 REUSED=0 TOTAL=3
[2026-09-11T10:33:48.494+0000] {subprocess.py:119} INFO - Command exited with return code 0
[2026-09-11T10:33:48.761+0000] {local.py:138} WARNING - Artifact schema version: https://schemas.getdbt.com/dbt/manifest/v12.json is above dbt-ol supported version 7. This might cause errors.
[2026-09-11T10:33:48.761+0000] {local.py:138} WARNING - Artifact schema version: https://schemas.getdbt.com/dbt/run-results/v6.json is above dbt-ol supported version 5. This might cause errors.
[2026-09-11T10:33:48.784+0000] {local.py:595} INFO - Inlets: [Dataset(uri='postgres://postgres:5432/datalab/bronze/anp_landing_semanal', extra=None)]
[2026-09-11T10:33:48.784+0000] {local.py:596} INFO - Outlets: [Dataset(uri='postgres://postgres:5432/datalab/bronze/stg_anp_semanal', extra=None)]
[2026-09-11T10:33:48.785+0000] {local.py:873} INFO - Assigning inlets/outlets without DatasetAlias
[2026-09-11T10:33:48.786+0000] {dag.py:3096} INFO - Sync 1 DAGs
[2026-09-11T10:33:48.892+0000] {dag.py:3954} INFO - Setting next_dagrun for dag_dbt_anp to 2026-09-07 09:00:00+00:00, run_after=2026-09-14 09:00:00+00:00
[2026-09-11T10:33:49.096+0000] {taskinstance.py:441} INFO - ::group::Post task execution logs
[2026-09-11T10:33:49.101+0000] {logging_mixin.py:188} WARNING - /home/airflow/.local/lib/python3.12/site-packages/airflow/models/baseoperator.py:1564 RemovedInAirflow3Warning: Passing 'execution_date' to 'TaskInstance.xcom_push()' is deprecated.
[2026-09-11T10:33:49.378+0000] {taskinstance.py:1205} INFO - Marking task as SUCCESS. dag_id=dag_dbt_anp, task_id=dbt_transformations.stg_anp_semanal_run, execution_date=20260911T103141, start_date=20260911T103332, end_date=20260911T103349
[2026-09-11T10:33:50.368+0000] {local_task_job_runner.py:240} INFO - Task exited with return code 0
[2026-09-11T10:33:50.482+0000] {taskinstance.py:3482} INFO - 0 downstream tasks scheduled from follow-on schedule check
[2026-09-11T10:33:50.485+0000] {local_task_job_runner.py:222} INFO - ::endgroup::

################################################################################
--- TASK EXECUTION: export_dbt_logs ---
################################################################################

[2026-09-11T10:37:57.941+0000] {local_task_job_runner.py:120} INFO - ::group::Pre task execution logs
[2026-09-11T10:37:58.052+0000] {taskinstance.py:2073} INFO - Dependencies all met for dep_context=non-requeueable deps ti=<TaskInstance: dag_dbt_anp.export_dbt_logs manual__2026-09-11T10:31:41.628729+00:00 [queued]>
[2026-09-11T10:37:58.068+0000] {taskinstance.py:2073} INFO - Dependencies all met for dep_context=requeueable deps ti=<TaskInstance: dag_dbt_anp.export_dbt_logs manual__2026-09-11T10:31:41.628729+00:00 [queued]>
[2026-09-11T10:37:58.069+0000] {taskinstance.py:2303} INFO - Starting attempt 1 of 2
[2026-09-11T10:37:58.095+0000] {taskinstance.py:2327} INFO - Executing <Task(BashOperator): export_dbt_logs> on 2026-09-11 10:31:41.628729+00:00
[2026-09-11T10:37:58.106+0000] {logging_mixin.py:188} WARNING - /home/airflow/.local/lib/python3.12/site-packages/airflow/task/task_runner/standard_task_runner.py:61 DeprecationWarning: This process (pid=1197) is multi-threaded, use of fork() may lead to deadlocks in the child.
[2026-09-11T10:37:58.107+0000] {standard_task_runner.py:63} INFO - Started process 1198 to run task
[2026-09-11T10:37:58.106+0000] {standard_task_runner.py:90} INFO - Running: ['airflow', 'tasks', 'run', 'dag_dbt_anp', 'export_dbt_logs', 'manual__2026-09-11T10:31:41.628729+00:00', '--job-id', '549', '--raw', '--subdir', 'DAGS_FOLDER/dag_dbt_anp.py', '--cfg-path', '/tmp/tmph71ix4mz']
[2026-09-11T10:37:58.109+0000] {standard_task_runner.py:91} INFO - Job 549: Subtask export_dbt_logs
[2026-09-11T10:37:58.365+0000] {task_command.py:426} INFO - Running <TaskInstance: dag_dbt_anp.export_dbt_logs manual__2026-09-11T10:31:41.628729+00:00 [running]> on host 43d133c4f171
[2026-09-11T10:37:58.786+0000] {taskinstance.py:2644} INFO - Exporting env vars: AIRFLOW_CTX_DAG_OWNER='***' AIRFLOW_CTX_DAG_ID='dag_dbt_anp' AIRFLOW_CTX_TASK_ID='export_dbt_logs' AIRFLOW_CTX_EXECUTION_DATE='2026-09-11T10:31:41.628729+00:00' AIRFLOW_CTX_TRY_NUMBER='1' AIRFLOW_CTX_DAG_RUN_ID='manual__2026-09-11T10:31:41.628729+00:00'
[2026-09-11T10:37:58.788+0000] {taskinstance.py:430} INFO - ::endgroup::
[2026-09-11T10:37:58.982+0000] {subprocess.py:63} INFO - Tmp dir root location: /tmp
[2026-09-11T10:37:58.985+0000] {subprocess.py:75} INFO - Running command: ['/usr/bin/bash', '-c', 'python3 -u /opt/airflow/pipelines/anp/anp_export_dbt_logs.py']
[2026-09-11T10:37:59.000+0000] {subprocess.py:86} INFO - Output:
[2026-09-11T10:38:00.390+0000] {subprocess.py:93} INFO - >>> [START] observability
[2026-09-11T10:38:01.005+0000] {subprocess.py:93} INFO - >>>>> [SUCCESS] s3 backup done (file sufix: 20260911_103800)
[2026-09-11T10:38:01.086+0000] {subprocess.py:93} INFO - >>> [END] processing done
[2026-09-11T10:38:02.042+0000] {subprocess.py:93} INFO - >>> [END] audit table updated
[2026-09-11T10:38:02.049+0000] {subprocess.py:93} INFO - >>> [END] observability
[2026-09-11T10:38:02.325+0000] {subprocess.py:97} INFO - Command exited with return code 0
[2026-09-11T10:38:02.326+0000] {taskinstance.py:441} INFO - ::group::Post task execution logs
[2026-09-11T10:38:02.501+0000] {taskinstance.py:1205} INFO - Marking task as SUCCESS. dag_id=dag_dbt_anp, task_id=export_dbt_logs, execution_date=20260911T103141, start_date=20260911T103758, end_date=20260911T103802
[2026-09-11T10:38:02.554+0000] {local_task_job_runner.py:240} INFO - Task exited with return code 0
[2026-09-11T10:38:02.651+0000] {taskinstance.py:3482} INFO - 0 downstream tasks scheduled from follow-on schedule check
[2026-09-11T10:38:02.655+0000] {local_task_job_runner.py:222} INFO - ::endgroup::

################################################################################
--- TASK EXECUTION: generate_elementary_report ---
################################################################################

[2026-09-11T10:37:20.459+0000] {local_task_job_runner.py:120} INFO - ::group::Pre task execution logs
[2026-09-11T10:37:20.571+0000] {taskinstance.py:2073} INFO - Dependencies all met for dep_context=non-requeueable deps ti=<TaskInstance: dag_dbt_anp.generate_elementary_report manual__2026-09-11T10:31:41.628729+00:00 [queued]>
[2026-09-11T10:37:20.588+0000] {taskinstance.py:2073} INFO - Dependencies all met for dep_context=requeueable deps ti=<TaskInstance: dag_dbt_anp.generate_elementary_report manual__2026-09-11T10:31:41.628729+00:00 [queued]>
[2026-09-11T10:37:20.590+0000] {taskinstance.py:2303} INFO - Starting attempt 1 of 2
[2026-09-11T10:37:20.620+0000] {taskinstance.py:2327} INFO - Executing <Task(BashOperator): generate_elementary_report> on 2026-09-11 10:31:41.628729+00:00
[2026-09-11T10:37:20.633+0000] {logging_mixin.py:188} WARNING - /home/airflow/.local/lib/python3.12/site-packages/airflow/task/task_runner/standard_task_runner.py:61 DeprecationWarning: This process (pid=1181) is multi-threaded, use of fork() may lead to deadlocks in the child.
[2026-09-11T10:37:20.635+0000] {standard_task_runner.py:63} INFO - Started process 1182 to run task
[2026-09-11T10:37:20.633+0000] {standard_task_runner.py:90} INFO - Running: ['airflow', 'tasks', 'run', 'dag_dbt_anp', 'generate_elementary_report', 'manual__2026-09-11T10:31:41.628729+00:00', '--job-id', '548', '--raw', '--subdir', 'DAGS_FOLDER/dag_dbt_anp.py', '--cfg-path', '/tmp/tmpyt3jr5sl']
[2026-09-11T10:37:20.636+0000] {standard_task_runner.py:91} INFO - Job 548: Subtask generate_elementary_report
[2026-09-11T10:37:20.903+0000] {task_command.py:426} INFO - Running <TaskInstance: dag_dbt_anp.generate_elementary_report manual__2026-09-11T10:31:41.628729+00:00 [running]> on host 43d133c4f171
[2026-09-11T10:37:21.324+0000] {taskinstance.py:2644} INFO - Exporting env vars: AIRFLOW_CTX_DAG_OWNER='***' AIRFLOW_CTX_DAG_ID='dag_dbt_anp' AIRFLOW_CTX_TASK_ID='generate_elementary_report' AIRFLOW_CTX_EXECUTION_DATE='2026-09-11T10:31:41.628729+00:00' AIRFLOW_CTX_TRY_NUMBER='1' AIRFLOW_CTX_DAG_RUN_ID='manual__2026-09-11T10:31:41.628729+00:00'
[2026-09-11T10:37:21.325+0000] {taskinstance.py:430} INFO - ::endgroup::
[2026-09-11T10:37:21.515+0000] {subprocess.py:63} INFO - Tmp dir root location: /tmp
[2026-09-11T10:37:21.517+0000] {subprocess.py:75} INFO - Running command: ['/usr/bin/bash', '-c', 'DBT_PACKAGES_DIR=/tmp /opt/airflow/dbt_venv/bin/edr report --project-dir /opt/airflow/pipelines/dbt_projects --profiles-dir /opt/airflow/pipelines/dbt_projects']
[2026-09-11T10:37:21.528+0000] {subprocess.py:86} INFO - Output:
[2026-09-11T10:37:23.140+0000] {subprocess.py:93} INFO - 
[2026-09-11T10:37:23.141+0000] {subprocess.py:93} INFO -     ________                          __
[2026-09-11T10:37:23.142+0000] {subprocess.py:93} INFO -    / ____/ /__  ____ ___  ___  ____  / /_____ ________  __
[2026-09-11T10:37:23.142+0000] {subprocess.py:93} INFO -   / __/ / / _ \/ __ `__ \/ _ \/ __ \/ __/ __ `/ ___/ / / /
[2026-09-11T10:37:23.143+0000] {subprocess.py:93} INFO -  / /___/ /  __/ / / / / /  __/ / / / /_/ /_/ / /  / /_/ /
[2026-09-11T10:37:23.143+0000] {subprocess.py:93} INFO - /_____/_/\___/_/ /_/ /_/\___/_/ /_/\__/\__,_/_/   \__, /
[2026-09-11T10:37:23.144+0000] {subprocess.py:93} INFO -                                                  /____/
[2026-09-11T10:37:23.145+0000] {subprocess.py:93} INFO - 
[2026-09-11T10:37:23.145+0000] {subprocess.py:93} INFO - 
[2026-09-11T10:37:23.345+0000] {subprocess.py:93} INFO - Any feedback and suggestions are welcomed! join our community here - https://bit.ly/slack-elementary
[2026-09-11T10:37:23.346+0000] {subprocess.py:93} INFO - 
[2026-09-11T10:37:23.346+0000] {subprocess.py:93} INFO - 2026-09-11 10:37:23 — INFO — Running with edr=0.26.0
[2026-09-11T10:37:28.825+0000] {subprocess.py:93} INFO - [33;20m2026-09-11 10:37:28 — WARNING — You are using incompatible versions between edr (0.26.0) and Elementary's dbt package (0.25.1).
[2026-09-11T10:37:28.826+0000] {subprocess.py:93} INFO -  To fix please update your packages.yml, and run:
[2026-09-11T10:37:28.827+0000] {subprocess.py:93} INFO - dbt deps && dbt run --select elementary
[2026-09-11T10:37:28.828+0000] {subprocess.py:93} INFO - [0m
[2026-09-11T10:37:29.969+0000] {subprocess.py:93} INFO - 2026-09-11 10:37:29 — INFO — Elementary's database and schema: '***.bronze'
[2026-09-11T10:37:29.970+0000] {subprocess.py:93} INFO - 2026-09-11 10:37:29 — INFO — Running dbt command --log-format json run-operation elementary.log_macro_results --args {"macro_name": "elementary_cli.get_test_results", "macro_args": {"days_back": 7, "invocations_per_test": 720, "disable_passed_test_metrics": false, "skip_test_result_rows": false}} --project-dir /opt/airflow/dbt_venv/lib/python3.12/site-packages/elementary/monitor/dbt_project --profiles-dir /opt/airflow/pipelines/dbt_projects
[2026-09-11T10:37:36.972+0000] {subprocess.py:93} INFO - 2026-09-11 10:37:36 — INFO — Running dbt command --log-format json run-operation elementary.log_macro_results --args {"macro_name": "elementary_cli.get_source_freshness_results", "macro_args": {"days_back": 7, "invocations_per_test": 720}} --project-dir /opt/airflow/dbt_venv/lib/python3.12/site-packages/elementary/monitor/dbt_project --profiles-dir /opt/airflow/pipelines/dbt_projects
[2026-09-11T10:37:38.525+0000] {subprocess.py:93} INFO - 2026-09-11 10:37:38 — INFO — Running dbt command --log-format json run-operation elementary.log_macro_results --args {"macro_name": "elementary_cli.get_seeds", "macro_args": {}} --project-dir /opt/airflow/dbt_venv/lib/python3.12/site-packages/elementary/monitor/dbt_project --profiles-dir /opt/airflow/pipelines/dbt_projects
[2026-09-11T10:37:39.909+0000] {subprocess.py:93} INFO - 2026-09-11 10:37:39 — INFO — Running dbt command --log-format json run-operation elementary.log_macro_results --args {"macro_name": "elementary_cli.get_snapshots", "macro_args": {}} --project-dir /opt/airflow/dbt_venv/lib/python3.12/site-packages/elementary/monitor/dbt_project --profiles-dir /opt/airflow/pipelines/dbt_projects
[2026-09-11T10:37:41.176+0000] {subprocess.py:93} INFO - 2026-09-11 10:37:41 — INFO — Running dbt command --log-format json run-operation elementary.log_macro_results --args {"macro_name": "elementary_cli.get_models", "macro_args": {"exclude_elementary": true}} --project-dir /opt/airflow/dbt_venv/lib/python3.12/site-packages/elementary/monitor/dbt_project --profiles-dir /opt/airflow/pipelines/dbt_projects
[2026-09-11T10:37:42.840+0000] {subprocess.py:93} INFO - 2026-09-11 10:37:42 — INFO — Running dbt command --log-format json run-operation elementary.log_macro_results --args {"macro_name": "elementary_cli.get_sources", "macro_args": {}} --project-dir /opt/airflow/dbt_venv/lib/python3.12/site-packages/elementary/monitor/dbt_project --profiles-dir /opt/airflow/pipelines/dbt_projects
[2026-09-11T10:37:44.182+0000] {subprocess.py:93} INFO - 2026-09-11 10:37:44 — INFO — Running dbt command --log-format json run-operation elementary.log_macro_results --args {"macro_name": "elementary_cli.get_exposures", "macro_args": {}} --project-dir /opt/airflow/dbt_venv/lib/python3.12/site-packages/elementary/monitor/dbt_project --profiles-dir /opt/airflow/pipelines/dbt_projects
[2026-09-11T10:37:45.583+0000] {subprocess.py:93} INFO - 2026-09-11 10:37:45 — INFO — Running dbt command --log-format json run-operation elementary.log_macro_results --args {"macro_name": "elementary_cli.get_singular_tests", "macro_args": {}} --project-dir /opt/airflow/dbt_venv/lib/python3.12/site-packages/elementary/monitor/dbt_project --profiles-dir /opt/airflow/pipelines/dbt_projects
[2026-09-11T10:37:46.821+0000] {subprocess.py:93} INFO - 2026-09-11 10:37:46 — INFO — Running dbt command --log-format json run-operation elementary.log_macro_results --args {"macro_name": "elementary_cli.get_models_runs", "macro_args": {"days_back": 7, "exclude_elementary": true}} --project-dir /opt/airflow/dbt_venv/lib/python3.12/site-packages/elementary/monitor/dbt_project --profiles-dir /opt/airflow/pipelines/dbt_projects
[2026-09-11T10:37:48.231+0000] {subprocess.py:93} INFO - 2026-09-11 10:37:48 — INFO — Running dbt command --log-format json run-operation elementary.log_macro_results --args {"macro_name": "elementary_cli.get_dbt_models_test_coverage", "macro_args": {}} --project-dir /opt/airflow/dbt_venv/lib/python3.12/site-packages/elementary/monitor/dbt_project --profiles-dir /opt/airflow/pipelines/dbt_projects
[2026-09-11T10:37:49.689+0000] {subprocess.py:93} INFO - 2026-09-11 10:37:49 — INFO — Running dbt command --log-format json run-operation elementary.log_macro_results --args {"macro_name": "elementary_cli.get_tests", "macro_args": {}} --project-dir /opt/airflow/dbt_venv/lib/python3.12/site-packages/elementary/monitor/dbt_project --profiles-dir /opt/airflow/pipelines/dbt_projects
[2026-09-11T10:37:51.479+0000] {subprocess.py:93} INFO - 2026-09-11 10:37:51 — INFO — Running dbt command --log-format json run-operation elementary.log_macro_results --args {"macro_name": "elementary_cli.get_nodes_depends_on_nodes", "macro_args": {"exclude_elementary": true}} --project-dir /opt/airflow/dbt_venv/lib/python3.12/site-packages/elementary/monitor/dbt_project --profiles-dir /opt/airflow/pipelines/dbt_projects
[2026-09-11T10:37:52.943+0000] {subprocess.py:93} INFO - 2026-09-11 10:37:52 — INFO — Running dbt command --log-format json run-operation elementary.log_macro_results --args {"macro_name": "elementary_cli.get_models_latest_invocation", "macro_args": {}} --project-dir /opt/airflow/dbt_venv/lib/python3.12/site-packages/elementary/monitor/dbt_project --profiles-dir /opt/airflow/pipelines/dbt_projects
[2026-09-11T10:37:54.402+0000] {subprocess.py:93} INFO - 2026-09-11 10:37:54 — INFO — Running dbt command --log-format json run-operation elementary.log_macro_results --args {"macro_name": "elementary_cli.get_models_latest_invocations_data", "macro_args": {}} --project-dir /opt/airflow/dbt_venv/lib/python3.12/site-packages/elementary/monitor/dbt_project --profiles-dir /opt/airflow/pipelines/dbt_projects
[2026-09-11T10:37:56.600+0000] {subprocess.py:97} INFO - Command exited with return code 0
[2026-09-11T10:37:56.603+0000] {taskinstance.py:441} INFO - ::group::Post task execution logs
[2026-09-11T10:37:56.786+0000] {taskinstance.py:1205} INFO - Marking task as SUCCESS. dag_id=dag_dbt_anp, task_id=generate_elementary_report, execution_date=20260911T103141, start_date=20260911T103720, end_date=20260911T103756
[2026-09-11T10:37:56.870+0000] {local_task_job_runner.py:240} INFO - Task exited with return code 0
[2026-09-11T10:37:56.969+0000] {taskinstance.py:3482} INFO - 1 downstream tasks scheduled from follow-on schedule check
[2026-09-11T10:37:56.973+0000] {local_task_job_runner.py:222} INFO - ::endgroup::

################################################################################
--- TASK EXECUTION: landing_mensal ---
################################################################################

[2026-09-11T10:32:40.382+0000] {local_task_job_runner.py:120} INFO - ::group::Pre task execution logs
[2026-09-11T10:32:40.493+0000] {taskinstance.py:2073} INFO - Dependencies all met for dep_context=non-requeueable deps ti=<TaskInstance: dag_dbt_anp.landing_mensal manual__2026-09-11T10:31:41.628729+00:00 [queued]>
[2026-09-11T10:32:40.509+0000] {taskinstance.py:2073} INFO - Dependencies all met for dep_context=requeueable deps ti=<TaskInstance: dag_dbt_anp.landing_mensal manual__2026-09-11T10:31:41.628729+00:00 [queued]>
[2026-09-11T10:32:40.513+0000] {taskinstance.py:2303} INFO - Starting attempt 1 of 2
[2026-09-11T10:32:40.531+0000] {taskinstance.py:2327} INFO - Executing <Task(BashOperator): landing_mensal> on 2026-09-11 10:31:41.628729+00:00
[2026-09-11T10:32:40.544+0000] {standard_task_runner.py:90} INFO - Running: ['airflow', 'tasks', 'run', 'dag_dbt_anp', 'landing_mensal', 'manual__2026-09-11T10:31:41.628729+00:00', '--job-id', '535', '--raw', '--subdir', 'DAGS_FOLDER/dag_dbt_anp.py', '--cfg-path', '/tmp/tmpr7zlvq3o']
[2026-09-11T10:32:40.548+0000] {logging_mixin.py:188} WARNING - /home/airflow/.local/lib/python3.12/site-packages/airflow/task/task_runner/standard_task_runner.py:61 DeprecationWarning: This process (pid=862) is multi-threaded, use of fork() may lead to deadlocks in the child.
[2026-09-11T10:32:40.548+0000] {standard_task_runner.py:91} INFO - Job 535: Subtask landing_mensal
[2026-09-11T10:32:40.549+0000] {standard_task_runner.py:63} INFO - Started process 863 to run task
[2026-09-11T10:32:40.817+0000] {task_command.py:426} INFO - Running <TaskInstance: dag_dbt_anp.landing_mensal manual__2026-09-11T10:31:41.628729+00:00 [running]> on host 43d133c4f171
[2026-09-11T10:32:41.288+0000] {taskinstance.py:2644} INFO - Exporting env vars: AIRFLOW_CTX_DAG_OWNER='***' AIRFLOW_CTX_DAG_ID='dag_dbt_anp' AIRFLOW_CTX_TASK_ID='landing_mensal' AIRFLOW_CTX_EXECUTION_DATE='2026-09-11T10:31:41.628729+00:00' AIRFLOW_CTX_TRY_NUMBER='1' AIRFLOW_CTX_DAG_RUN_ID='manual__2026-09-11T10:31:41.628729+00:00'
[2026-09-11T10:32:41.290+0000] {taskinstance.py:430} INFO - ::endgroup::
[2026-09-11T10:32:41.476+0000] {subprocess.py:63} INFO - Tmp dir root location: /tmp
[2026-09-11T10:32:41.477+0000] {subprocess.py:75} INFO - Running command: ['/usr/bin/bash', '-c', 'python3 -u /opt/airflow/pipelines/anp/anp_04_anp_landing_mensal.py']
[2026-09-11T10:32:41.489+0000] {subprocess.py:86} INFO - Output:
[2026-09-11T10:32:42.686+0000] {subprocess.py:93} INFO - [2026-09-11 10:32:42] [INFO] [DW_CLIENT] ############################################################
[2026-09-11T10:32:42.686+0000] {subprocess.py:93} INFO - [2026-09-11 10:32:42] [INFO] [DW_CLIENT] db env vars validation
[2026-09-11T10:32:42.689+0000] {subprocess.py:93} INFO - [2026-09-11 10:32:42] [INFO] [DW_CLIENT] db env vars found successfully
[2026-09-11T10:32:42.690+0000] {subprocess.py:93} INFO - [2026-09-11 10:32:42] [INFO] [DW_CLIENT] attempting to connect to host - [postgres]
[2026-09-11T10:32:42.741+0000] {subprocess.py:93} INFO - [2026-09-11 10:32:42] [INFO] [DW_CLIENT] handshake success [***]
[2026-09-11T10:32:42.742+0000] {subprocess.py:93} INFO - [2026-09-11 10:32:42] [INFO] [DW_CLIENT] connection test finished
[2026-09-11T10:32:42.743+0000] {subprocess.py:93} INFO - [2026-09-11 10:32:42] [INFO] [DW_CLIENT] ############################################################
[2026-09-11T10:32:42.759+0000] {subprocess.py:93} INFO - [2026-09-11 10:32:42] [INFO] [anp_04_anp_landing_mensal] ============================================================
[2026-09-11T10:32:42.760+0000] {subprocess.py:93} INFO - [2026-09-11 10:32:42] [INFO] [anp_04_anp_landing_mensal] starting ingestion. loading monthly files from /mnt/datasource/anp/arquivos_fechados : 2026-09-11 10:32:42.758967
[2026-09-11T10:32:42.760+0000] {subprocess.py:93} INFO - [2026-09-11 10:32:42] [INFO] [anp_04_anp_landing_mensal] ============================================================
[2026-09-11T10:32:42.804+0000] {subprocess.py:93} INFO - [2026-09-11 10:32:42] [INFO] [anp_04_anp_landing_mensal] difference detected. found 6 pending file(s)
[2026-09-11T10:32:42.804+0000] {subprocess.py:93} INFO - [2026-09-11 10:32:42] [INFO] [anp_04_anp_landing_mensal] reading: 07-dados-abertos-precos-diesel-gnv.csv
[2026-09-11T10:32:42.931+0000] {subprocess.py:93} INFO - [2026-09-11 10:32:42] [INFO] [anp_04_anp_landing_mensal] reading: 07-dados-abertos-precos-gasolina-etanol.csv
[2026-09-11T10:32:43.031+0000] {subprocess.py:93} INFO - [2026-09-11 10:32:43] [INFO] [anp_04_anp_landing_mensal] reading: 08-dados-abertos-precos-2026-08-diesel-gnv.csv
[2026-09-11T10:32:43.096+0000] {subprocess.py:93} INFO - [2026-09-11 10:32:43] [INFO] [anp_04_anp_landing_mensal] reading: 08-dados-abertos-precos-2026-08-gasolina-etanol.csv
[2026-09-11T10:32:43.221+0000] {subprocess.py:93} INFO - [2026-09-11 10:32:43] [INFO] [anp_04_anp_landing_mensal] reading: 07-dados-abertos-precos-glp.csv
[2026-09-11T10:32:43.270+0000] {subprocess.py:93} INFO - [2026-09-11 10:32:43] [INFO] [anp_04_anp_landing_mensal] reading: 08-dados-abertos-precos-2026-08-glp.csv
[2026-09-11T10:32:43.317+0000] {subprocess.py:93} INFO - [2026-09-11 10:32:43] [INFO] [anp_04_anp_landing_mensal] processing load for: 07-dados-abertos-precos-diesel-gnv.csv
[2026-09-11T10:32:53.708+0000] {subprocess.py:93} INFO - [2026-09-11 10:32:53] [INFO] [anp_04_anp_landing_mensal] removed 22625 old record(s)
[2026-09-11T10:32:54.238+0000] {subprocess.py:93} INFO - [2026-09-11 10:32:54] [INFO] [anp_04_anp_landing_mensal] >>> successfully loaded into bronze.anp_landing_mensal
[2026-09-11T10:32:54.244+0000] {subprocess.py:93} INFO - [2026-09-11 10:32:54] [INFO] [anp_04_anp_landing_mensal] renamed file to OK_07-dados-abertos-precos-diesel-gnv.csv
[2026-09-11T10:32:54.263+0000] {subprocess.py:93} INFO - [2026-09-11 10:32:54] [INFO] [anp_04_anp_landing_mensal] processing load for: 07-dados-abertos-precos-gasolina-etanol.csv
[2026-09-11T10:33:01.651+0000] {subprocess.py:93} INFO - [2026-09-11 10:33:01] [INFO] [anp_04_anp_landing_mensal] removed 49424 old record(s)
[2026-09-11T10:33:02.565+0000] {subprocess.py:93} INFO - [2026-09-11 10:33:02] [INFO] [anp_04_anp_landing_mensal] >>> successfully loaded into bronze.anp_landing_mensal
[2026-09-11T10:33:02.573+0000] {subprocess.py:93} INFO - [2026-09-11 10:33:02] [INFO] [anp_04_anp_landing_mensal] renamed file to OK_07-dados-abertos-precos-gasolina-etanol.csv
[2026-09-11T10:33:02.589+0000] {subprocess.py:93} INFO - [2026-09-11 10:33:02] [INFO] [anp_04_anp_landing_mensal] processing load for: 08-dados-abertos-precos-2026-08-diesel-gnv.csv
[2026-09-11T10:33:08.929+0000] {subprocess.py:93} INFO - [2026-09-11 10:33:08] [INFO] [anp_04_anp_landing_mensal] removed 23915 old record(s)
[2026-09-11T10:33:09.371+0000] {subprocess.py:93} INFO - [2026-09-11 10:33:09] [INFO] [anp_04_anp_landing_mensal] >>> successfully loaded into bronze.anp_landing_mensal
[2026-09-11T10:33:09.380+0000] {subprocess.py:93} INFO - [2026-09-11 10:33:09] [INFO] [anp_04_anp_landing_mensal] renamed file to OK_08-dados-abertos-precos-2026-08-diesel-gnv.csv
[2026-09-11T10:33:09.397+0000] {subprocess.py:93} INFO - [2026-09-11 10:33:09] [INFO] [anp_04_anp_landing_mensal] processing load for: 08-dados-abertos-precos-2026-08-gasolina-etanol.csv
[2026-09-11T10:33:15.636+0000] {subprocess.py:93} INFO - [2026-09-11 10:33:15] [INFO] [anp_04_anp_landing_mensal] removed 51856 old record(s)
[2026-09-11T10:33:16.626+0000] {subprocess.py:93} INFO - [2026-09-11 10:33:16] [INFO] [anp_04_anp_landing_mensal] >>> successfully loaded into bronze.anp_landing_mensal
[2026-09-11T10:33:16.633+0000] {subprocess.py:93} INFO - [2026-09-11 10:33:16] [INFO] [anp_04_anp_landing_mensal] renamed file to OK_08-dados-abertos-precos-2026-08-gasolina-etanol.csv
[2026-09-11T10:33:16.647+0000] {subprocess.py:93} INFO - [2026-09-11 10:33:16] [INFO] [anp_04_anp_landing_mensal] processing load for: 07-dados-abertos-precos-glp.csv
[2026-09-11T10:33:22.684+0000] {subprocess.py:93} INFO - [2026-09-11 10:33:22] [INFO] [anp_04_anp_landing_mensal] removed 13775 old record(s)
[2026-09-11T10:33:22.954+0000] {subprocess.py:93} INFO - [2026-09-11 10:33:22] [INFO] [anp_04_anp_landing_mensal] >>> successfully loaded into bronze.anp_landing_mensal
[2026-09-11T10:33:22.960+0000] {subprocess.py:93} INFO - [2026-09-11 10:33:22] [INFO] [anp_04_anp_landing_mensal] renamed file to OK_07-dados-abertos-precos-glp.csv
[2026-09-11T10:33:22.980+0000] {subprocess.py:93} INFO - [2026-09-11 10:33:22] [INFO] [anp_04_anp_landing_mensal] processing load for: 08-dados-abertos-precos-2026-08-glp.csv
[2026-09-11T10:33:28.583+0000] {subprocess.py:93} INFO - [2026-09-11 10:33:28] [INFO] [anp_04_anp_landing_mensal] removed 14355 old record(s)
[2026-09-11T10:33:28.725+0000] {subprocess.py:93} INFO - [2026-09-11 10:33:28] [INFO] [anp_04_anp_landing_mensal] >>> successfully loaded into bronze.anp_landing_mensal
[2026-09-11T10:33:28.731+0000] {subprocess.py:93} INFO - [2026-09-11 10:33:28] [INFO] [anp_04_anp_landing_mensal] renamed file to OK_08-dados-abertos-precos-2026-08-glp.csv
[2026-09-11T10:33:28.778+0000] {subprocess.py:93} INFO - [2026-09-11 10:33:28] [INFO] [METRICS_OBSERVABILITY] ##########################################################################################
[2026-09-11T10:33:28.779+0000] {subprocess.py:93} INFO - [2026-09-11 10:33:28] [INFO] [METRICS_OBSERVABILITY]  BATCH OBSERVABILITY REPORT (6 file(s) queued)
[2026-09-11T10:33:28.780+0000] {subprocess.py:93} INFO - [2026-09-11 10:33:28] [INFO] [METRICS_OBSERVABILITY] ##########################################################################################
[2026-09-11T10:33:28.780+0000] {subprocess.py:93} INFO - [2026-09-11 10:33:28] [INFO] [METRICS_OBSERVABILITY]  >> total rows           : 175,950
[2026-09-11T10:33:28.781+0000] {subprocess.py:93} INFO - [2026-09-11 10:33:28] [INFO] [METRICS_OBSERVABILITY]  >> total flags          : 56
[2026-09-11T10:33:28.782+0000] {subprocess.py:93} INFO - [2026-09-11 10:33:28] [INFO] [METRICS_OBSERVABILITY]  >> total cities         : 416
[2026-09-11T10:33:28.783+0000] {subprocess.py:93} INFO - [2026-09-11 10:33:28] [INFO] [METRICS_OBSERVABILITY]  >> total tax id (cnpj)  : 9,592
[2026-09-11T10:33:28.784+0000] {subprocess.py:93} INFO - [2026-09-11 10:33:28] [INFO] [METRICS_OBSERVABILITY]  >> products list        : ['GASOLINA ADITIVADA', 'ETANOL', 'DIESEL', 'GLP', 'GASOLINA', 'GNV', 'DIESEL S10']
[2026-09-11T10:33:28.837+0000] {subprocess.py:93} INFO - [2026-09-11 10:33:28] [INFO] [METRICS_OBSERVABILITY]  >> average price by product:
[2026-09-11T10:33:28.837+0000] {subprocess.py:93} INFO - [2026-09-11 10:33:28] [INFO] [METRICS_OBSERVABILITY]     * DIESEL                    | avg: R$ 6.648 | rows: 16,172 regs
[2026-09-11T10:33:28.838+0000] {subprocess.py:93} INFO - [2026-09-11 10:33:28] [INFO] [METRICS_OBSERVABILITY]     * DIESEL S10                | avg: R$ 6.971 | rows: 27,346 regs
[2026-09-11T10:33:28.839+0000] {subprocess.py:93} INFO - [2026-09-11 10:33:28] [INFO] [METRICS_OBSERVABILITY]     * ETANOL                    | avg: R$ 4.293 | rows: 32,950 regs
[2026-09-11T10:33:28.840+0000] {subprocess.py:93} INFO - [2026-09-11 10:33:28] [INFO] [METRICS_OBSERVABILITY]     * GASOLINA                  | avg: R$ 6.593 | rows: 38,679 regs
[2026-09-11T10:33:28.840+0000] {subprocess.py:93} INFO - [2026-09-11 10:33:28] [INFO] [METRICS_OBSERVABILITY]     * GASOLINA ADITIVADA        | avg: R$ 6.791 | rows: 29,651 regs
[2026-09-11T10:33:28.841+0000] {subprocess.py:93} INFO - [2026-09-11 10:33:28] [INFO] [METRICS_OBSERVABILITY]     * GLP                       | avg: R$ 115.301 | rows: 28,130 regs
[2026-09-11T10:33:28.842+0000] {subprocess.py:93} INFO - [2026-09-11 10:33:28] [INFO] [METRICS_OBSERVABILITY]     * GNV                       | avg: R$ 4.778 | rows: 3,022 regs
[2026-09-11T10:33:28.843+0000] {subprocess.py:93} INFO - [2026-09-11 10:33:28] [INFO] [METRICS_OBSERVABILITY] ##########################################################################################
[2026-09-11T10:33:28.843+0000] {subprocess.py:93} INFO - [2026-09-11 10:33:28] [INFO] [anp_04_anp_landing_mensal] ============================================================
[2026-09-11T10:33:28.844+0000] {subprocess.py:93} INFO - [2026-09-11 10:33:28] [INFO] [anp_04_anp_landing_mensal] pipeline run complete
[2026-09-11T10:33:28.845+0000] {subprocess.py:93} INFO - [2026-09-11 10:33:28] [INFO] [anp_04_anp_landing_mensal] total processed: 6/6
[2026-09-11T10:33:28.846+0000] {subprocess.py:93} INFO - [2026-09-11 10:33:28] [INFO] [anp_04_anp_landing_mensal] ============================================================
[2026-09-11T10:33:28.972+0000] {subprocess.py:97} INFO - Command exited with return code 0
[2026-09-11T10:33:28.973+0000] {taskinstance.py:441} INFO - ::group::Post task execution logs
[2026-09-11T10:33:29.185+0000] {taskinstance.py:1205} INFO - Marking task as SUCCESS. dag_id=dag_dbt_anp, task_id=landing_mensal, execution_date=20260911T103141, start_date=20260911T103240, end_date=20260911T103329
[2026-09-11T10:33:29.282+0000] {local_task_job_runner.py:240} INFO - Task exited with return code 0
[2026-09-11T10:33:29.398+0000] {taskinstance.py:3482} INFO - 0 downstream tasks scheduled from follow-on schedule check
[2026-09-11T10:33:29.408+0000] {local_task_job_runner.py:222} INFO - ::endgroup::

################################################################################
--- TASK EXECUTION: landing_semanal ---
################################################################################

[2026-09-11T10:32:19.125+0000] {local_task_job_runner.py:120} INFO - ::group::Pre task execution logs
[2026-09-11T10:32:19.246+0000] {taskinstance.py:2073} INFO - Dependencies all met for dep_context=non-requeueable deps ti=<TaskInstance: dag_dbt_anp.landing_semanal manual__2026-09-11T10:31:41.628729+00:00 [queued]>
[2026-09-11T10:32:19.263+0000] {taskinstance.py:2073} INFO - Dependencies all met for dep_context=requeueable deps ti=<TaskInstance: dag_dbt_anp.landing_semanal manual__2026-09-11T10:31:41.628729+00:00 [queued]>
[2026-09-11T10:32:19.267+0000] {taskinstance.py:2303} INFO - Starting attempt 1 of 2
[2026-09-11T10:32:19.290+0000] {taskinstance.py:2327} INFO - Executing <Task(BashOperator): landing_semanal> on 2026-09-11 10:31:41.628729+00:00
[2026-09-11T10:32:19.303+0000] {standard_task_runner.py:90} INFO - Running: ['airflow', 'tasks', 'run', 'dag_dbt_anp', 'landing_semanal', 'manual__2026-09-11T10:31:41.628729+00:00', '--job-id', '534', '--raw', '--subdir', 'DAGS_FOLDER/dag_dbt_anp.py', '--cfg-path', '/tmp/tmpfdloml97']
[2026-09-11T10:32:19.307+0000] {standard_task_runner.py:91} INFO - Job 534: Subtask landing_semanal
[2026-09-11T10:32:19.310+0000] {logging_mixin.py:188} WARNING - /home/airflow/.local/lib/python3.12/site-packages/airflow/task/task_runner/standard_task_runner.py:61 DeprecationWarning: This process (pid=819) is multi-threaded, use of fork() may lead to deadlocks in the child.
[2026-09-11T10:32:19.312+0000] {standard_task_runner.py:63} INFO - Started process 820 to run task
[2026-09-11T10:32:19.633+0000] {task_command.py:426} INFO - Running <TaskInstance: dag_dbt_anp.landing_semanal manual__2026-09-11T10:31:41.628729+00:00 [running]> on host 43d133c4f171
[2026-09-11T10:32:20.095+0000] {taskinstance.py:2644} INFO - Exporting env vars: AIRFLOW_CTX_DAG_OWNER='***' AIRFLOW_CTX_DAG_ID='dag_dbt_anp' AIRFLOW_CTX_TASK_ID='landing_semanal' AIRFLOW_CTX_EXECUTION_DATE='2026-09-11T10:31:41.628729+00:00' AIRFLOW_CTX_TRY_NUMBER='1' AIRFLOW_CTX_DAG_RUN_ID='manual__2026-09-11T10:31:41.628729+00:00'
[2026-09-11T10:32:20.096+0000] {taskinstance.py:430} INFO - ::endgroup::
[2026-09-11T10:32:20.282+0000] {subprocess.py:63} INFO - Tmp dir root location: /tmp
[2026-09-11T10:32:20.284+0000] {subprocess.py:75} INFO - Running command: ['/usr/bin/bash', '-c', 'python3 -u /opt/airflow/pipelines/anp/anp_03_anp_landing_semanal.py']
[2026-09-11T10:32:20.296+0000] {subprocess.py:86} INFO - Output:
[2026-09-11T10:32:21.372+0000] {subprocess.py:93} INFO - [2026-09-11 10:32:21] [INFO] [DW_CLIENT] ############################################################
[2026-09-11T10:32:21.372+0000] {subprocess.py:93} INFO - [2026-09-11 10:32:21] [INFO] [DW_CLIENT] db env vars validation
[2026-09-11T10:32:21.373+0000] {subprocess.py:93} INFO - [2026-09-11 10:32:21] [INFO] [DW_CLIENT] db env vars found successfully
[2026-09-11T10:32:21.374+0000] {subprocess.py:93} INFO - [2026-09-11 10:32:21] [INFO] [DW_CLIENT] attempting to connect to host - [postgres]
[2026-09-11T10:32:21.428+0000] {subprocess.py:93} INFO - [2026-09-11 10:32:21] [INFO] [DW_CLIENT] handshake success [***]
[2026-09-11T10:32:21.429+0000] {subprocess.py:93} INFO - [2026-09-11 10:32:21] [INFO] [DW_CLIENT] connection test finished
[2026-09-11T10:32:21.430+0000] {subprocess.py:93} INFO - [2026-09-11 10:32:21] [INFO] [DW_CLIENT] ############################################################
[2026-09-11T10:32:21.447+0000] {subprocess.py:93} INFO - [2026-09-11 10:32:21] [INFO] [anp_03_anp_landing_semanal] ============================================================
[2026-09-11T10:32:21.448+0000] {subprocess.py:93} INFO - [2026-09-11 10:32:21] [INFO] [anp_03_anp_landing_semanal] starting ingestion. loading weekly files from /mnt/datasource/anp/ult4 : 2026-09-11 10:32:21.447778
[2026-09-11T10:32:21.449+0000] {subprocess.py:93} INFO - [2026-09-11 10:32:21] [INFO] [anp_03_anp_landing_semanal] ============================================================
[2026-09-11T10:32:21.452+0000] {subprocess.py:93} INFO - [2026-09-11 10:32:21] [INFO] [anp_03_anp_landing_semanal] difference detected. found 3 pending file(s)
[2026-09-11T10:32:21.453+0000] {subprocess.py:93} INFO - [2026-09-11 10:32:21] [INFO] [anp_03_anp_landing_semanal] reading: ultimas-4-semanas-diesel-gnv.csv
[2026-09-11T10:32:21.678+0000] {subprocess.py:93} INFO - [2026-09-11 10:32:21] [INFO] [anp_03_anp_landing_semanal] reading: ultimas-4-semanas-gasolina-etanol.csv
[2026-09-11T10:32:21.777+0000] {subprocess.py:93} INFO - [2026-09-11 10:32:21] [INFO] [anp_03_anp_landing_semanal] reading: ultimas-4-semanas-glp.csv
[2026-09-11T10:32:21.812+0000] {subprocess.py:93} INFO - [2026-09-11 10:32:21] [INFO] [anp_03_anp_landing_semanal] processing load for: ultimas-4-semanas-diesel-gnv.csv
[2026-09-11T10:32:23.592+0000] {subprocess.py:93} INFO - [2026-09-11 10:32:23] [INFO] [anp_03_anp_landing_semanal] removed 21364 old record(s)
[2026-09-11T10:32:23.917+0000] {subprocess.py:93} INFO - [2026-09-11 10:32:23] [INFO] [anp_03_anp_landing_semanal] >>> successfully loaded into bronze.anp_landing_semanal
[2026-09-11T10:32:23.922+0000] {subprocess.py:93} INFO - [2026-09-11 10:32:23] [INFO] [anp_03_anp_landing_semanal] renamed file to OK_ultimas-4-semanas-diesel-gnv.csv
[2026-09-11T10:32:23.939+0000] {subprocess.py:93} INFO - [2026-09-11 10:32:23] [INFO] [anp_03_anp_landing_semanal] processing load for: ultimas-4-semanas-gasolina-etanol.csv
[2026-09-11T10:32:24.231+0000] {subprocess.py:93} INFO - [2026-09-11 10:32:24] [INFO] [anp_03_anp_landing_semanal] removed 46197 old record(s)
[2026-09-11T10:32:24.940+0000] {subprocess.py:93} INFO - [2026-09-11 10:32:24] [INFO] [anp_03_anp_landing_semanal] >>> successfully loaded into bronze.anp_landing_semanal
[2026-09-11T10:32:24.945+0000] {subprocess.py:93} INFO - [2026-09-11 10:32:24] [INFO] [anp_03_anp_landing_semanal] renamed file to OK_ultimas-4-semanas-gasolina-etanol.csv
[2026-09-11T10:32:24.963+0000] {subprocess.py:93} INFO - [2026-09-11 10:32:24] [INFO] [anp_03_anp_landing_semanal] processing load for: ultimas-4-semanas-glp.csv
[2026-09-11T10:32:25.001+0000] {subprocess.py:93} INFO - [2026-09-11 10:32:25] [INFO] [anp_03_anp_landing_semanal] removed 12869 old record(s)
[2026-09-11T10:32:25.315+0000] {subprocess.py:93} INFO - [2026-09-11 10:32:25] [INFO] [anp_03_anp_landing_semanal] >>> successfully loaded into bronze.anp_landing_semanal
[2026-09-11T10:32:25.319+0000] {subprocess.py:93} INFO - [2026-09-11 10:32:25] [INFO] [anp_03_anp_landing_semanal] renamed file to OK_ultimas-4-semanas-glp.csv
[2026-09-11T10:32:25.354+0000] {subprocess.py:93} INFO - [2026-09-11 10:32:25] [INFO] [METRICS_OBSERVABILITY] ##########################################################################################
[2026-09-11T10:32:25.355+0000] {subprocess.py:93} INFO - [2026-09-11 10:32:25] [INFO] [METRICS_OBSERVABILITY]  BATCH OBSERVABILITY REPORT (3 file(s) queued)
[2026-09-11T10:32:25.356+0000] {subprocess.py:93} INFO - [2026-09-11 10:32:25] [INFO] [METRICS_OBSERVABILITY] ##########################################################################################
[2026-09-11T10:32:25.357+0000] {subprocess.py:93} INFO - [2026-09-11 10:32:25] [INFO] [METRICS_OBSERVABILITY]  >> total rows           : 80,430
[2026-09-11T10:32:25.357+0000] {subprocess.py:93} INFO - [2026-09-11 10:32:25] [INFO] [METRICS_OBSERVABILITY]  >> total flags          : 57
[2026-09-11T10:32:25.363+0000] {subprocess.py:93} INFO - [2026-09-11 10:32:25] [INFO] [METRICS_OBSERVABILITY]  >> total cities         : 410
[2026-09-11T10:32:25.364+0000] {subprocess.py:93} INFO - [2026-09-11 10:32:25] [INFO] [METRICS_OBSERVABILITY]  >> total tax id (cnpj)  : 8,962
[2026-09-11T10:32:25.365+0000] {subprocess.py:93} INFO - [2026-09-11 10:32:25] [INFO] [METRICS_OBSERVABILITY]  >> products list        : ['DIESEL S10', 'GLP', 'GASOLINA', 'GASOLINA ADITIVADA', 'ETANOL', 'GNV', 'DIESEL']
[2026-09-11T10:32:25.399+0000] {subprocess.py:93} INFO - [2026-09-11 10:32:25] [INFO] [METRICS_OBSERVABILITY]  >> average price by product:
[2026-09-11T10:32:25.400+0000] {subprocess.py:93} INFO - [2026-09-11 10:32:25] [INFO] [METRICS_OBSERVABILITY]     * DIESEL                    | avg: R$ 6.584 | rows: 7,429 regs
[2026-09-11T10:32:25.400+0000] {subprocess.py:93} INFO - [2026-09-11 10:32:25] [INFO] [METRICS_OBSERVABILITY]     * DIESEL S10                | avg: R$ 6.929 | rows: 12,541 regs
[2026-09-11T10:32:25.401+0000] {subprocess.py:93} INFO - [2026-09-11 10:32:25] [INFO] [METRICS_OBSERVABILITY]     * ETANOL                    | avg: R$ 4.241 | rows: 14,998 regs
[2026-09-11T10:32:25.401+0000] {subprocess.py:93} INFO - [2026-09-11 10:32:25] [INFO] [METRICS_OBSERVABILITY]     * GASOLINA                  | avg: R$ 6.556 | rows: 17,667 regs
[2026-09-11T10:32:25.402+0000] {subprocess.py:93} INFO - [2026-09-11 10:32:25] [INFO] [METRICS_OBSERVABILITY]     * GASOLINA ADITIVADA        | avg: R$ 6.759 | rows: 13,532 regs
[2026-09-11T10:32:25.402+0000] {subprocess.py:93} INFO - [2026-09-11 10:32:25] [INFO] [METRICS_OBSERVABILITY]     * GLP                       | avg: R$ 115.405 | rows: 12,869 regs
[2026-09-11T10:32:25.403+0000] {subprocess.py:93} INFO - [2026-09-11 10:32:25] [INFO] [METRICS_OBSERVABILITY]     * GNV                       | avg: R$ 4.822 | rows: 1,394 regs
[2026-09-11T10:32:25.403+0000] {subprocess.py:93} INFO - [2026-09-11 10:32:25] [INFO] [METRICS_OBSERVABILITY] ##########################################################################################
[2026-09-11T10:32:25.404+0000] {subprocess.py:93} INFO - [2026-09-11 10:32:25] [INFO] [anp_03_anp_landing_semanal] ============================================================
[2026-09-11T10:32:25.404+0000] {subprocess.py:93} INFO - [2026-09-11 10:32:25] [INFO] [anp_03_anp_landing_semanal] pipeline run complete
[2026-09-11T10:32:25.405+0000] {subprocess.py:93} INFO - [2026-09-11 10:32:25] [INFO] [anp_03_anp_landing_semanal] total processed: 3/3
[2026-09-11T10:32:25.405+0000] {subprocess.py:93} INFO - [2026-09-11 10:32:25] [INFO] [anp_03_anp_landing_semanal] ============================================================
[2026-09-11T10:32:25.526+0000] {subprocess.py:97} INFO - Command exited with return code 0
[2026-09-11T10:32:25.528+0000] {taskinstance.py:441} INFO - ::group::Post task execution logs
[2026-09-11T10:32:25.739+0000] {taskinstance.py:1205} INFO - Marking task as SUCCESS. dag_id=dag_dbt_anp, task_id=landing_semanal, execution_date=20260911T103141, start_date=20260911T103219, end_date=20260911T103225
[2026-09-11T10:32:25.813+0000] {local_task_job_runner.py:240} INFO - Task exited with return code 0
[2026-09-11T10:32:26.064+0000] {taskinstance.py:3482} INFO - 0 downstream tasks scheduled from follow-on schedule check
[2026-09-11T10:32:26.082+0000] {local_task_job_runner.py:222} INFO - ::endgroup::

################################################################################
--- TASK EXECUTION: run_dbt_deps ---
################################################################################

[2026-09-11T10:36:24.366+0000] {local_task_job_runner.py:120} INFO - ::group::Pre task execution logs
[2026-09-11T10:36:24.472+0000] {taskinstance.py:2073} INFO - Dependencies all met for dep_context=non-requeueable deps ti=<TaskInstance: dag_dbt_anp.run_dbt_deps manual__2026-09-11T10:31:41.628729+00:00 [queued]>
[2026-09-11T10:36:24.492+0000] {taskinstance.py:2073} INFO - Dependencies all met for dep_context=requeueable deps ti=<TaskInstance: dag_dbt_anp.run_dbt_deps manual__2026-09-11T10:31:41.628729+00:00 [queued]>
[2026-09-11T10:36:24.493+0000] {taskinstance.py:2303} INFO - Starting attempt 1 of 2
[2026-09-11T10:36:24.513+0000] {taskinstance.py:2327} INFO - Executing <Task(BashOperator): run_dbt_deps> on 2026-09-11 10:31:41.628729+00:00
[2026-09-11T10:36:24.522+0000] {logging_mixin.py:188} WARNING - /home/airflow/.local/lib/python3.12/site-packages/airflow/task/task_runner/standard_task_runner.py:61 DeprecationWarning: This process (pid=1141) is multi-threaded, use of fork() may lead to deadlocks in the child.
[2026-09-11T10:36:24.524+0000] {standard_task_runner.py:63} INFO - Started process 1142 to run task
[2026-09-11T10:36:24.523+0000] {standard_task_runner.py:90} INFO - Running: ['airflow', 'tasks', 'run', 'dag_dbt_anp', 'run_dbt_deps', 'manual__2026-09-11T10:31:41.628729+00:00', '--job-id', '546', '--raw', '--subdir', 'DAGS_FOLDER/dag_dbt_anp.py', '--cfg-path', '/tmp/tmp0496vysj']
[2026-09-11T10:36:24.527+0000] {standard_task_runner.py:91} INFO - Job 546: Subtask run_dbt_deps
[2026-09-11T10:36:24.773+0000] {task_command.py:426} INFO - Running <TaskInstance: dag_dbt_anp.run_dbt_deps manual__2026-09-11T10:31:41.628729+00:00 [running]> on host 43d133c4f171
[2026-09-11T10:36:25.195+0000] {taskinstance.py:2644} INFO - Exporting env vars: AIRFLOW_CTX_DAG_OWNER='***' AIRFLOW_CTX_DAG_ID='dag_dbt_anp' AIRFLOW_CTX_TASK_ID='run_dbt_deps' AIRFLOW_CTX_EXECUTION_DATE='2026-09-11T10:31:41.628729+00:00' AIRFLOW_CTX_TRY_NUMBER='1' AIRFLOW_CTX_DAG_RUN_ID='manual__2026-09-11T10:31:41.628729+00:00'
[2026-09-11T10:36:25.199+0000] {taskinstance.py:430} INFO - ::endgroup::
[2026-09-11T10:36:25.399+0000] {subprocess.py:63} INFO - Tmp dir root location: /tmp
[2026-09-11T10:36:25.400+0000] {subprocess.py:75} INFO - Running command: ['/usr/bin/bash', '-c', '/opt/airflow/dbt_venv/bin/dbt deps --project-dir /opt/airflow/pipelines/dbt_projects --profiles-dir /opt/airflow/pipelines/dbt_projects']
[2026-09-11T10:36:25.414+0000] {subprocess.py:86} INFO - Output:
[2026-09-11T10:36:28.029+0000] {subprocess.py:93} INFO - [0m10:36:28  Running with dbt=1.12.4
[2026-09-11T10:36:30.223+0000] {subprocess.py:93} INFO - [0m10:36:30  Installing dbt-labs/dbt_utils
[2026-09-11T10:36:37.811+0000] {subprocess.py:93} INFO - [0m10:36:37  Installed from version 1.1.1
[2026-09-11T10:36:37.813+0000] {subprocess.py:93} INFO - [0m10:36:37  Updated version available: 1.4.1
[2026-09-11T10:36:37.817+0000] {subprocess.py:93} INFO - [0m10:36:37  Installing elementary-data/elementary
[2026-09-11T10:36:54.120+0000] {subprocess.py:93} INFO - [0m10:36:54  Installed from version 0.25.1
[2026-09-11T10:36:54.121+0000] {subprocess.py:93} INFO - [0m10:36:54  Updated version available: 0.26.0
[2026-09-11T10:36:54.123+0000] {subprocess.py:93} INFO - [0m10:36:54
[2026-09-11T10:36:54.125+0000] {subprocess.py:93} INFO - [0m10:36:54  Updates available for packages: ['dbt-labs/dbt_utils', 'elementary-data/elementary']
[2026-09-11T10:36:54.125+0000] {subprocess.py:93} INFO - Update your versions in packages.yml, then run dbt deps
[2026-09-11T10:36:55.197+0000] {subprocess.py:97} INFO - Command exited with return code 0
[2026-09-11T10:36:55.198+0000] {taskinstance.py:441} INFO - ::group::Post task execution logs
[2026-09-11T10:36:55.443+0000] {taskinstance.py:1205} INFO - Marking task as SUCCESS. dag_id=dag_dbt_anp, task_id=run_dbt_deps, execution_date=20260911T103141, start_date=20260911T103624, end_date=20260911T103655
[2026-09-11T10:36:55.522+0000] {local_task_job_runner.py:240} INFO - Task exited with return code 0
[2026-09-11T10:36:55.623+0000] {taskinstance.py:3482} INFO - 1 downstream tasks scheduled from follow-on schedule check
[2026-09-11T10:36:55.627+0000] {local_task_job_runner.py:222} INFO - ::endgroup::

################################################################################
--- TASK EXECUTION: run_elementary_models ---
################################################################################

[2026-09-11T10:36:56.902+0000] {local_task_job_runner.py:120} INFO - ::group::Pre task execution logs
[2026-09-11T10:36:57.018+0000] {taskinstance.py:2073} INFO - Dependencies all met for dep_context=non-requeueable deps ti=<TaskInstance: dag_dbt_anp.run_elementary_models manual__2026-09-11T10:31:41.628729+00:00 [queued]>
[2026-09-11T10:36:57.034+0000] {taskinstance.py:2073} INFO - Dependencies all met for dep_context=requeueable deps ti=<TaskInstance: dag_dbt_anp.run_elementary_models manual__2026-09-11T10:31:41.628729+00:00 [queued]>
[2026-09-11T10:36:57.038+0000] {taskinstance.py:2303} INFO - Starting attempt 1 of 2
[2026-09-11T10:36:57.057+0000] {taskinstance.py:2327} INFO - Executing <Task(BashOperator): run_elementary_models> on 2026-09-11 10:31:41.628729+00:00
[2026-09-11T10:36:57.070+0000] {logging_mixin.py:188} WARNING - /home/airflow/.local/lib/python3.12/site-packages/airflow/task/task_runner/standard_task_runner.py:61 DeprecationWarning: This process (pid=1155) is multi-threaded, use of fork() may lead to deadlocks in the child.
[2026-09-11T10:36:57.072+0000] {standard_task_runner.py:63} INFO - Started process 1156 to run task
[2026-09-11T10:36:57.070+0000] {standard_task_runner.py:90} INFO - Running: ['airflow', 'tasks', 'run', 'dag_dbt_anp', 'run_elementary_models', 'manual__2026-09-11T10:31:41.628729+00:00', '--job-id', '547', '--raw', '--subdir', 'DAGS_FOLDER/dag_dbt_anp.py', '--cfg-path', '/tmp/tmp5xusfhnn']
[2026-09-11T10:36:57.073+0000] {standard_task_runner.py:91} INFO - Job 547: Subtask run_elementary_models
[2026-09-11T10:36:57.333+0000] {task_command.py:426} INFO - Running <TaskInstance: dag_dbt_anp.run_elementary_models manual__2026-09-11T10:31:41.628729+00:00 [running]> on host 43d133c4f171
[2026-09-11T10:36:57.724+0000] {taskinstance.py:2644} INFO - Exporting env vars: AIRFLOW_CTX_DAG_OWNER='***' AIRFLOW_CTX_DAG_ID='dag_dbt_anp' AIRFLOW_CTX_TASK_ID='run_elementary_models' AIRFLOW_CTX_EXECUTION_DATE='2026-09-11T10:31:41.628729+00:00' AIRFLOW_CTX_TRY_NUMBER='1' AIRFLOW_CTX_DAG_RUN_ID='manual__2026-09-11T10:31:41.628729+00:00'
[2026-09-11T10:36:57.725+0000] {taskinstance.py:430} INFO - ::endgroup::
[2026-09-11T10:36:57.912+0000] {subprocess.py:63} INFO - Tmp dir root location: /tmp
[2026-09-11T10:36:57.914+0000] {subprocess.py:75} INFO - Running command: ['/usr/bin/bash', '-c', '/opt/airflow/dbt_venv/bin/dbt run --select elementary --project-dir /opt/airflow/pipelines/dbt_projects --profiles-dir /opt/airflow/pipelines/dbt_projects --profile *** --target dev']
[2026-09-11T10:36:57.926+0000] {subprocess.py:86} INFO - Output:
[2026-09-11T10:37:00.744+0000] {subprocess.py:93} INFO - [0m10:37:00  Running with dbt=1.12.4
[2026-09-11T10:37:01.095+0000] {subprocess.py:93} INFO - [0m10:37:01  Registered adapter: postgres=1.11.0
[2026-09-11T10:37:07.407+0000] {subprocess.py:93} INFO - [0m10:37:07  Found 36 models, 2 operations, 19 data tests, 2 sources, 1690 macros
[2026-09-11T10:37:07.414+0000] {subprocess.py:93} INFO - [0m10:37:07
[2026-09-11T10:37:07.416+0000] {subprocess.py:93} INFO - [0m10:37:07  Concurrency: 4 threads (target='dev')
[2026-09-11T10:37:07.418+0000] {subprocess.py:93} INFO - [0m10:37:07
[2026-09-11T10:37:07.930+0000] {subprocess.py:93} INFO - [0m10:37:07  Elementary: Runtime data: {"config": {}, "dbt_version": "1.12.4", "elementary_version": "0.25.1", "database": "***", "schema": "bronze"}
[2026-09-11T10:37:07.954+0000] {subprocess.py:93} INFO - [0m10:37:07  1 of 1 START hook: elementary.on-run-start.0 ................................... [RUN]
[2026-09-11T10:37:07.956+0000] {subprocess.py:93} INFO - [0m10:37:07  1 of 1 OK hook: elementary.on-run-start.0 ...................................... [[32mOK[0m in 0.09s]
[2026-09-11T10:37:07.957+0000] {subprocess.py:93} INFO - [0m10:37:07
[2026-09-11T10:37:07.971+0000] {subprocess.py:93} INFO - [0m10:37:07  1 of 30 START sql incremental model bronze.data_monitoring_metrics ............. [RUN]
[2026-09-11T10:37:07.973+0000] {subprocess.py:93} INFO - [0m10:37:07  2 of 30 START sql incremental model bronze.dbt_columns ......................... [RUN]
[2026-09-11T10:37:07.975+0000] {subprocess.py:93} INFO - [0m10:37:07  3 of 30 START sql incremental model bronze.dbt_exposures ....................... [RUN]
[2026-09-11T10:37:07.976+0000] {subprocess.py:93} INFO - [0m10:37:07  4 of 30 START sql incremental model bronze.dbt_groups .......................... [RUN]
[2026-09-11T10:37:09.275+0000] {subprocess.py:93} INFO - [0m10:37:09  1 of 30 OK created sql incremental model bronze.data_monitoring_metrics ........ [[32mINSERT 0 0[0m in 1.28s]
[2026-09-11T10:37:09.309+0000] {subprocess.py:93} INFO - [0m10:37:09  5 of 30 START sql incremental model bronze.dbt_invocations ..................... [RUN]
[2026-09-11T10:37:09.389+0000] {subprocess.py:93} INFO - [0m10:37:09  4 of 30 OK created sql incremental model bronze.dbt_groups ..................... [[32mINSERT 0 0[0m in 1.40s]
[2026-09-11T10:37:09.418+0000] {subprocess.py:93} INFO - [0m10:37:09  3 of 30 OK created sql incremental model bronze.dbt_exposures .................. [[32mINSERT 0 0[0m in 1.42s]
[2026-09-11T10:37:09.421+0000] {subprocess.py:93} INFO - [0m10:37:09  6 of 30 START sql incremental model bronze.dbt_metrics ......................... [RUN]
[2026-09-11T10:37:09.444+0000] {subprocess.py:93} INFO - [0m10:37:09  2 of 30 OK created sql incremental model bronze.dbt_columns .................... [[32mINSERT 0 0[0m in 1.46s]
[2026-09-11T10:37:09.449+0000] {subprocess.py:93} INFO - [0m10:37:09  7 of 30 START sql incremental model bronze.dbt_models .......................... [RUN]
[2026-09-11T10:37:09.490+0000] {subprocess.py:93} INFO - [0m10:37:09  8 of 30 START sql incremental model bronze.dbt_run_results ..................... [RUN]
[2026-09-11T10:37:09.871+0000] {subprocess.py:93} INFO - [0m10:37:09  5 of 30 OK created sql incremental model bronze.dbt_invocations ................ [[32mINSERT 0 0[0m in 0.54s]
[2026-09-11T10:37:09.895+0000] {subprocess.py:93} INFO - [0m10:37:09  9 of 30 START sql incremental model bronze.dbt_seeds ........................... [RUN]
[2026-09-11T10:37:10.175+0000] {subprocess.py:93} INFO - [0m10:37:10  8 of 30 OK created sql incremental model bronze.dbt_run_results ................ [[32mINSERT 0 0[0m in 0.65s]
[2026-09-11T10:37:10.203+0000] {subprocess.py:93} INFO - [0m10:37:10  10 of 30 START sql incremental model bronze.dbt_snapshots ...................... [RUN]
[2026-09-11T10:37:10.291+0000] {subprocess.py:93} INFO - [0m10:37:10  6 of 30 OK created sql incremental model bronze.dbt_metrics .................... [[32mINSERT 0 0[0m in 0.85s]
[2026-09-11T10:37:10.323+0000] {subprocess.py:93} INFO - [0m10:37:10  11 of 30 START sql incremental model bronze.dbt_source_freshness_results ....... [RUN]
[2026-09-11T10:37:10.327+0000] {subprocess.py:93} INFO - [0m10:37:10  7 of 30 OK created sql incremental model bronze.dbt_models ..................... [[32mINSERT 0 0[0m in 0.84s]
[2026-09-11T10:37:10.366+0000] {subprocess.py:93} INFO - [0m10:37:10  12 of 30 START sql incremental model bronze.dbt_sources ........................ [RUN]
[2026-09-11T10:37:10.588+0000] {subprocess.py:93} INFO - [0m10:37:10  9 of 30 OK created sql incremental model bronze.dbt_seeds ...................... [[32mINSERT 0 0[0m in 0.67s]
[2026-09-11T10:37:10.600+0000] {subprocess.py:93} INFO - [0m10:37:10  13 of 30 START sql incremental model bronze.dbt_tests .......................... [RUN]
[2026-09-11T10:37:10.894+0000] {subprocess.py:93} INFO - [0m10:37:10  10 of 30 OK created sql incremental model bronze.dbt_snapshots ................. [[32mINSERT 0 0[0m in 0.67s]
[2026-09-11T10:37:10.919+0000] {subprocess.py:93} INFO - [0m10:37:10  11 of 30 OK created sql incremental model bronze.dbt_source_freshness_results .. [[32mINSERT 0 0[0m in 0.58s]
[2026-09-11T10:37:10.921+0000] {subprocess.py:93} INFO - [0m10:37:10  14 of 30 START sql incremental model bronze.elementary_test_results ............ [RUN]
[2026-09-11T10:37:10.952+0000] {subprocess.py:93} INFO - [0m10:37:10  15 of 30 START sql table model bronze.metadata ................................. [RUN]
[2026-09-11T10:37:11.072+0000] {subprocess.py:93} INFO - [0m10:37:11  12 of 30 OK created sql incremental model bronze.dbt_sources ................... [[32mINSERT 0 0[0m in 0.67s]
[2026-09-11T10:37:11.103+0000] {subprocess.py:93} INFO - [0m10:37:11  16 of 30 START sql incremental model bronze.schema_columns_snapshot ............ [RUN]
[2026-09-11T10:37:12.017+0000] {subprocess.py:93} INFO - [0m10:37:12  15 of 30 OK created sql table model bronze.metadata ............................ [[32mSELECT 1[0m in 1.02s]
[2026-09-11T10:37:12.050+0000] {subprocess.py:93} INFO - [0m10:37:12  17 of 30 START sql view model bronze.metrics_anomaly_score ..................... [RUN]
[2026-09-11T10:37:12.390+0000] {subprocess.py:93} INFO - [0m10:37:12  14 of 30 OK created sql incremental model bronze.elementary_test_results ....... [[32mINSERT 0 0[0m in 1.32s]
[2026-09-11T10:37:12.596+0000] {subprocess.py:93} INFO - [0m10:37:12  18 of 30 START sql view model bronze.monitors_runs ............................. [RUN]
[2026-09-11T10:37:12.606+0000] {subprocess.py:93} INFO - [0m10:37:12  16 of 30 OK created sql incremental model bronze.schema_columns_snapshot ....... [[32mINSERT 0 0[0m in 1.49s]
[2026-09-11T10:37:12.648+0000] {subprocess.py:93} INFO - [0m10:37:12  19 of 30 START sql view model bronze.job_run_results ........................... [RUN]
[2026-09-11T10:37:12.908+0000] {subprocess.py:93} INFO - [0m10:37:12  17 of 30 OK created sql view model bronze.metrics_anomaly_score ................ [[32mCREATE VIEW[0m in 0.84s]
[2026-09-11T10:37:12.935+0000] {subprocess.py:93} INFO - [0m10:37:12  20 of 30 START sql view model bronze.model_run_results ......................... [RUN]
[2026-09-11T10:37:13.007+0000] {subprocess.py:93} INFO - [0m10:37:13  13 of 30 OK created sql incremental model bronze.dbt_tests ..................... [[32mINSERT 0 0[0m in 2.39s]
[2026-09-11T10:37:13.018+0000] {subprocess.py:93} INFO - [0m10:37:13  21 of 30 START sql view model bronze.seed_run_results .......................... [RUN]
[2026-09-11T10:37:13.048+0000] {subprocess.py:93} INFO - [0m10:37:13  18 of 30 OK created sql view model bronze.monitors_runs ........................ [[32mCREATE VIEW[0m in 0.44s]
[2026-09-11T10:37:13.060+0000] {subprocess.py:93} INFO - [0m10:37:13  22 of 30 START sql view model bronze.snapshot_run_results ...................... [RUN]
[2026-09-11T10:37:13.077+0000] {subprocess.py:93} INFO - [0m10:37:13  19 of 30 OK created sql view model bronze.job_run_results ...................... [[32mCREATE VIEW[0m in 0.42s]
[2026-09-11T10:37:13.090+0000] {subprocess.py:93} INFO - [0m10:37:13  23 of 30 START sql view model bronze.alerts_dbt_source_freshness ............... [RUN]
[2026-09-11T10:37:13.228+0000] {subprocess.py:93} INFO - [0m10:37:13  20 of 30 OK created sql view model bronze.model_run_results .................... [[32mCREATE VIEW[0m in 0.28s]
[2026-09-11T10:37:13.237+0000] {subprocess.py:93} INFO - [0m10:37:13  24 of 30 START sql view model bronze.alerts_anomaly_detection .................. [RUN]
[2026-09-11T10:37:13.329+0000] {subprocess.py:93} INFO - [0m10:37:13  21 of 30 OK created sql view model bronze.seed_run_results ..................... [[32mCREATE VIEW[0m in 0.30s]
[2026-09-11T10:37:13.347+0000] {subprocess.py:93} INFO - [0m10:37:13  25 of 30 START sql view model bronze.alerts_dbt_tests .......................... [RUN]
[2026-09-11T10:37:13.374+0000] {subprocess.py:93} INFO - [0m10:37:13  22 of 30 OK created sql view model bronze.snapshot_run_results ................. [[32mCREATE VIEW[0m in 0.30s]
[2026-09-11T10:37:13.390+0000] {subprocess.py:93} INFO - [0m10:37:13  26 of 30 START sql view model bronze.alerts_schema_changes ..................... [RUN]
[2026-09-11T10:37:14.391+0000] {subprocess.py:93} INFO - [0m10:37:14  24 of 30 OK created sql view model bronze.alerts_anomaly_detection ............. [[32mCREATE VIEW[0m in 0.24s]
[2026-09-11T10:37:14.395+0000] {subprocess.py:93} INFO - [0m10:37:14  25 of 30 OK created sql view model bronze.alerts_dbt_tests ..................... [[32mCREATE VIEW[0m in 0.23s]
[2026-09-11T10:37:14.395+0000] {subprocess.py:93} INFO - [0m10:37:14  26 of 30 OK created sql view model bronze.alerts_schema_changes ................ [[32mCREATE VIEW[0m in 0.21s]
[2026-09-11T10:37:14.398+0000] {subprocess.py:93} INFO - [0m10:37:14  23 of 30 OK created sql view model bronze.alerts_dbt_source_freshness .......... [[32mCREATE VIEW[0m in 0.28s]
[2026-09-11T10:37:14.414+0000] {subprocess.py:93} INFO - [0m10:37:14  27 of 30 START sql incremental model bronze.test_result_rows ................... [RUN]
[2026-09-11T10:37:14.416+0000] {subprocess.py:93} INFO - [0m10:37:14  28 of 30 START sql view model bronze.anomaly_threshold_sensitivity ............. [RUN]
[2026-09-11T10:37:14.418+0000] {subprocess.py:93} INFO - [0m10:37:14  29 of 30 START sql view model bronze.dbt_artifacts_hashes ...................... [RUN]
[2026-09-11T10:37:14.420+0000] {subprocess.py:93} INFO - [0m10:37:14  30 of 30 START sql view model bronze.alerts_dbt_models ......................... [RUN]
[2026-09-11T10:37:14.849+0000] {subprocess.py:93} INFO - [0m10:37:14  30 of 30 OK created sql view model bronze.alerts_dbt_models .................... [[32mCREATE VIEW[0m in 0.41s]
[2026-09-11T10:37:14.872+0000] {subprocess.py:93} INFO - [0m10:37:14  28 of 30 OK created sql view model bronze.anomaly_threshold_sensitivity ........ [[32mCREATE VIEW[0m in 0.43s]
[2026-09-11T10:37:14.881+0000] {subprocess.py:93} INFO - [0m10:37:14  29 of 30 OK created sql view model bronze.dbt_artifacts_hashes ................. [[32mCREATE VIEW[0m in 0.45s]
[2026-09-11T10:37:14.913+0000] {subprocess.py:93} INFO - [0m10:37:14  27 of 30 OK created sql incremental model bronze.test_result_rows .............. [[32mINSERT 0 0[0m in 0.49s]
[2026-09-11T10:37:14.921+0000] {subprocess.py:93} INFO - [0m10:37:14
[2026-09-11T10:37:17.512+0000] {subprocess.py:93} INFO - [0m10:37:17  1 of 1 START hook: elementary.on-run-end.0 ..................................... [RUN]
[2026-09-11T10:37:17.514+0000] {subprocess.py:93} INFO - [0m10:37:17  1 of 1 OK hook: elementary.on-run-end.0 ........................................ [[32mOK[0m in 2.52s]
[2026-09-11T10:37:17.526+0000] {subprocess.py:93} INFO - [0m10:37:17
[2026-09-11T10:37:17.528+0000] {subprocess.py:93} INFO - [0m10:37:17  Finished running 16 incremental models, 2 project hooks, 1 table model, 13 view models in 0 hours 0 minutes and 10.11 seconds (10.11s).
[2026-09-11T10:37:17.901+0000] {subprocess.py:93} INFO - [0m10:37:17
[2026-09-11T10:37:17.903+0000] {subprocess.py:93} INFO - [0m10:37:17  [32mCompleted successfully[0m
[2026-09-11T10:37:17.906+0000] {subprocess.py:93} INFO - [0m10:37:17
[2026-09-11T10:37:17.909+0000] {subprocess.py:93} INFO - [0m10:37:17  Done. PASS=32 WARN=0 ERROR=0 SKIP=0 NO-OP=0 REUSED=0 TOTAL=32
[2026-09-11T10:37:18.975+0000] {subprocess.py:97} INFO - Command exited with return code 0
[2026-09-11T10:37:18.976+0000] {taskinstance.py:441} INFO - ::group::Post task execution logs
[2026-09-11T10:37:19.189+0000] {taskinstance.py:1205} INFO - Marking task as SUCCESS. dag_id=dag_dbt_anp, task_id=run_elementary_models, execution_date=20260911T103141, start_date=20260911T103657, end_date=20260911T103719
[2026-09-11T10:37:19.276+0000] {local_task_job_runner.py:240} INFO - Task exited with return code 0
[2026-09-11T10:37:19.380+0000] {taskinstance.py:3482} INFO - 1 downstream tasks scheduled from follow-on schedule check
[2026-09-11T10:37:19.385+0000] {local_task_job_runner.py:222} INFO - ::endgroup::

################################################################################
--- TASK EXECUTION: scrap_mensal ---
################################################################################

[2026-09-11T10:32:07.102+0000] {local_task_job_runner.py:120} INFO - ::group::Pre task execution logs
[2026-09-11T10:32:07.235+0000] {taskinstance.py:2073} INFO - Dependencies all met for dep_context=non-requeueable deps ti=<TaskInstance: dag_dbt_anp.scrap_mensal manual__2026-09-11T10:31:41.628729+00:00 [queued]>
[2026-09-11T10:32:07.251+0000] {taskinstance.py:2073} INFO - Dependencies all met for dep_context=requeueable deps ti=<TaskInstance: dag_dbt_anp.scrap_mensal manual__2026-09-11T10:31:41.628729+00:00 [queued]>
[2026-09-11T10:32:07.252+0000] {taskinstance.py:2303} INFO - Starting attempt 1 of 2
[2026-09-11T10:32:07.276+0000] {taskinstance.py:2327} INFO - Executing <Task(BashOperator): scrap_mensal> on 2026-09-11 10:31:41.628729+00:00
[2026-09-11T10:32:07.289+0000] {standard_task_runner.py:90} INFO - Running: ['airflow', 'tasks', 'run', 'dag_dbt_anp', 'scrap_mensal', 'manual__2026-09-11T10:31:41.628729+00:00', '--job-id', '532', '--raw', '--subdir', 'DAGS_FOLDER/dag_dbt_anp.py', '--cfg-path', '/tmp/tmp7eejyu_y']
[2026-09-11T10:32:07.295+0000] {standard_task_runner.py:91} INFO - Job 532: Subtask scrap_mensal
[2026-09-11T10:32:07.296+0000] {logging_mixin.py:188} WARNING - /home/airflow/.local/lib/python3.12/site-packages/airflow/task/task_runner/standard_task_runner.py:61 DeprecationWarning: This process (pid=764) is multi-threaded, use of fork() may lead to deadlocks in the child.
[2026-09-11T10:32:07.298+0000] {standard_task_runner.py:63} INFO - Started process 766 to run task
[2026-09-11T10:32:07.612+0000] {task_command.py:426} INFO - Running <TaskInstance: dag_dbt_anp.scrap_mensal manual__2026-09-11T10:31:41.628729+00:00 [running]> on host 43d133c4f171
[2026-09-11T10:32:08.059+0000] {taskinstance.py:2644} INFO - Exporting env vars: AIRFLOW_CTX_DAG_OWNER='***' AIRFLOW_CTX_DAG_ID='dag_dbt_anp' AIRFLOW_CTX_TASK_ID='scrap_mensal' AIRFLOW_CTX_EXECUTION_DATE='2026-09-11T10:31:41.628729+00:00' AIRFLOW_CTX_TRY_NUMBER='1' AIRFLOW_CTX_DAG_RUN_ID='manual__2026-09-11T10:31:41.628729+00:00'
[2026-09-11T10:32:08.062+0000] {taskinstance.py:430} INFO - ::endgroup::
[2026-09-11T10:32:08.311+0000] {subprocess.py:63} INFO - Tmp dir root location: /tmp
[2026-09-11T10:32:08.314+0000] {subprocess.py:75} INFO - Running command: ['/usr/bin/bash', '-c', 'python3 -u /opt/airflow/pipelines/anp/anp_02_anp_month_file_scrap.py']
[2026-09-11T10:32:08.327+0000] {subprocess.py:86} INFO - Output:
[2026-09-11T10:32:09.766+0000] {subprocess.py:93} INFO - [2026-09-11 10:32:09] [INFO] [DW_CLIENT] ############################################################
[2026-09-11T10:32:09.767+0000] {subprocess.py:93} INFO - [2026-09-11 10:32:09] [INFO] [DW_CLIENT] db env vars validation
[2026-09-11T10:32:09.767+0000] {subprocess.py:93} INFO - [2026-09-11 10:32:09] [INFO] [DW_CLIENT] db env vars found successfully
[2026-09-11T10:32:09.768+0000] {subprocess.py:93} INFO - [2026-09-11 10:32:09] [INFO] [DW_CLIENT] attempting to connect to host - [postgres]
[2026-09-11T10:32:09.829+0000] {subprocess.py:93} INFO - [2026-09-11 10:32:09] [INFO] [DW_CLIENT] handshake success [***]
[2026-09-11T10:32:09.832+0000] {subprocess.py:93} INFO - [2026-09-11 10:32:09] [INFO] [DW_CLIENT] connection test finished
[2026-09-11T10:32:09.832+0000] {subprocess.py:93} INFO - [2026-09-11 10:32:09] [INFO] [DW_CLIENT] ############################################################
[2026-09-11T10:32:09.849+0000] {subprocess.py:93} INFO - [2026-09-11 10:32:09] [INFO] [anp_02_anp_month_file_scrap] ============================================================
[2026-09-11T10:32:09.850+0000] {subprocess.py:93} INFO - [2026-09-11 10:32:09] [INFO] [anp_02_anp_month_file_scrap] web scrapping initiated on https://www.gov.br/anp/pt-br/centrais-de-conteudo/dados-abertos/serie-historica-de-precos-de-combustiveis : 2026-09-11 10:32:09.849455
[2026-09-11T10:32:09.851+0000] {subprocess.py:93} INFO - [2026-09-11 10:32:09] [INFO] [anp_02_anp_month_file_scrap] files landing dir  /mnt/datasource/anp/arquivos_fechados : 2026-09-11 10:32:09.849552
[2026-09-11T10:32:09.852+0000] {subprocess.py:93} INFO - [2026-09-11 10:32:09] [INFO] [anp_02_anp_month_file_scrap] ============================================================
[2026-09-11T10:32:10.365+0000] {subprocess.py:93} INFO - [2026-09-11 10:32:10] [INFO] [anp_02_anp_month_file_scrap] reading ctrl table to identify pending files
[2026-09-11T10:32:10.579+0000] {subprocess.py:93} INFO - [2026-09-11 10:32:10] [INFO] [anp_02_anp_month_file_scrap] test mode activated: filtering payload for 2026 files only
[2026-09-11T10:32:10.604+0000] {subprocess.py:93} INFO - [2026-09-11 10:32:10] [INFO] [anp_02_anp_month_file_scrap] difference detected. found 6 pending file(s)
[2026-09-11T10:32:10.606+0000] {subprocess.py:93} INFO - [2026-09-11 10:32:10] [INFO] [anp_02_anp_month_file_scrap] processing: GLP | Julho de 2026 (ref: 202607)
[2026-09-11T10:32:12.706+0000] {subprocess.py:93} INFO - [2026-09-11 10:32:12] [INFO] [anp_02_anp_month_file_scrap] successfully landed at /mnt/datasource/anp/arquivos_fechados/glp/mes/07-dados-abertos-precos-glp.csv
[2026-09-11T10:32:14.706+0000] {subprocess.py:93} INFO - [2026-09-11 10:32:14] [INFO] [anp_02_anp_month_file_scrap] processing: DIESEL | Agosto de 2026 (ref: 202608)
[2026-09-11T10:32:16.228+0000] {subprocess.py:93} INFO - [2026-09-11 10:32:16] [INFO] [anp_02_anp_month_file_scrap] successfully landed at /mnt/datasource/anp/arquivos_fechados/combustivel/mes/08-dados-abertos-precos-2026-08-diesel-gnv.csv
[2026-09-11T10:32:18.228+0000] {subprocess.py:93} INFO - [2026-09-11 10:32:18] [INFO] [anp_02_anp_month_file_scrap] processing: GLP | Agosto de 2026 (ref: 202608)
[2026-09-11T10:32:20.062+0000] {subprocess.py:93} INFO - [2026-09-11 10:32:20] [INFO] [anp_02_anp_month_file_scrap] successfully landed at /mnt/datasource/anp/arquivos_fechados/glp/mes/08-dados-abertos-precos-2026-08-glp.csv
[2026-09-11T10:32:22.063+0000] {subprocess.py:93} INFO - [2026-09-11 10:32:22] [INFO] [anp_02_anp_month_file_scrap] processing: GASOLINA | Agosto de 2026 (ref: 202608)
[2026-09-11T10:32:26.223+0000] {subprocess.py:93} INFO - [2026-09-11 10:32:26] [INFO] [anp_02_anp_month_file_scrap] successfully landed at /mnt/datasource/anp/arquivos_fechados/combustivel/mes/08-dados-abertos-precos-2026-08-gasolina-etanol.csv
[2026-09-11T10:32:28.223+0000] {subprocess.py:93} INFO - [2026-09-11 10:32:28] [INFO] [anp_02_anp_month_file_scrap] processing: GASOLINA | Julho de 2026 (ref: 202607)
[2026-09-11T10:32:32.617+0000] {subprocess.py:93} INFO - [2026-09-11 10:32:32] [INFO] [anp_02_anp_month_file_scrap] successfully landed at /mnt/datasource/anp/arquivos_fechados/combustivel/mes/07-dados-abertos-precos-gasolina-etanol.csv
[2026-09-11T10:32:34.618+0000] {subprocess.py:93} INFO - [2026-09-11 10:32:34] [INFO] [anp_02_anp_month_file_scrap] processing: DIESEL | Julho de 2026 (ref: 202607)
[2026-09-11T10:32:36.139+0000] {subprocess.py:93} INFO - [2026-09-11 10:32:36] [INFO] [anp_02_anp_month_file_scrap] successfully landed at /mnt/datasource/anp/arquivos_fechados/combustivel/mes/07-dados-abertos-precos-diesel-gnv.csv
[2026-09-11T10:32:38.139+0000] {subprocess.py:93} INFO - [2026-09-11 10:32:38] [INFO] [anp_02_anp_month_file_scrap] ============================================================
[2026-09-11T10:32:38.140+0000] {subprocess.py:93} INFO - [2026-09-11 10:32:38] [INFO] [anp_02_anp_month_file_scrap] pipeline run complete
[2026-09-11T10:32:38.141+0000] {subprocess.py:93} INFO - [2026-09-11 10:32:38] [INFO] [anp_02_anp_month_file_scrap] total processed: 6/6
[2026-09-11T10:32:38.142+0000] {subprocess.py:93} INFO - [2026-09-11 10:32:38] [INFO] [anp_02_anp_month_file_scrap] main destination: /mnt/datasource/anp/arquivos_fechados
[2026-09-11T10:32:38.142+0000] {subprocess.py:93} INFO - [2026-09-11 10:32:38] [INFO] [anp_02_anp_month_file_scrap] ============================================================
[2026-09-11T10:32:38.344+0000] {subprocess.py:97} INFO - Command exited with return code 0
[2026-09-11T10:32:38.345+0000] {taskinstance.py:441} INFO - ::group::Post task execution logs
[2026-09-11T10:32:38.539+0000] {taskinstance.py:1205} INFO - Marking task as SUCCESS. dag_id=dag_dbt_anp, task_id=scrap_mensal, execution_date=20260911T103141, start_date=20260911T103207, end_date=20260911T103238
[2026-09-11T10:32:38.675+0000] {local_task_job_runner.py:240} INFO - Task exited with return code 0
[2026-09-11T10:32:38.799+0000] {taskinstance.py:3482} INFO - 1 downstream tasks scheduled from follow-on schedule check
[2026-09-11T10:32:38.803+0000] {local_task_job_runner.py:222} INFO - ::endgroup::

################################################################################
--- TASK EXECUTION: scrap_semanal ---
################################################################################

[2026-09-11T10:32:07.099+0000] {local_task_job_runner.py:120} INFO - ::group::Pre task execution logs
[2026-09-11T10:32:07.213+0000] {taskinstance.py:2073} INFO - Dependencies all met for dep_context=non-requeueable deps ti=<TaskInstance: dag_dbt_anp.scrap_semanal manual__2026-09-11T10:31:41.628729+00:00 [queued]>
[2026-09-11T10:32:07.229+0000] {taskinstance.py:2073} INFO - Dependencies all met for dep_context=requeueable deps ti=<TaskInstance: dag_dbt_anp.scrap_semanal manual__2026-09-11T10:31:41.628729+00:00 [queued]>
[2026-09-11T10:32:07.235+0000] {taskinstance.py:2303} INFO - Starting attempt 1 of 2
[2026-09-11T10:32:07.255+0000] {taskinstance.py:2327} INFO - Executing <Task(BashOperator): scrap_semanal> on 2026-09-11 10:31:41.628729+00:00
[2026-09-11T10:32:07.267+0000] {standard_task_runner.py:90} INFO - Running: ['airflow', 'tasks', 'run', 'dag_dbt_anp', 'scrap_semanal', 'manual__2026-09-11T10:31:41.628729+00:00', '--job-id', '533', '--raw', '--subdir', 'DAGS_FOLDER/dag_dbt_anp.py', '--cfg-path', '/tmp/tmpvv9plqdo']
[2026-09-11T10:32:07.270+0000] {logging_mixin.py:188} WARNING - /home/airflow/.local/lib/python3.12/site-packages/airflow/task/task_runner/standard_task_runner.py:61 DeprecationWarning: This process (pid=763) is multi-threaded, use of fork() may lead to deadlocks in the child.
[2026-09-11T10:32:07.271+0000] {standard_task_runner.py:91} INFO - Job 533: Subtask scrap_semanal
[2026-09-11T10:32:07.272+0000] {standard_task_runner.py:63} INFO - Started process 765 to run task
[2026-09-11T10:32:07.590+0000] {task_command.py:426} INFO - Running <TaskInstance: dag_dbt_anp.scrap_semanal manual__2026-09-11T10:31:41.628729+00:00 [running]> on host 43d133c4f171
[2026-09-11T10:32:08.057+0000] {taskinstance.py:2644} INFO - Exporting env vars: AIRFLOW_CTX_DAG_OWNER='***' AIRFLOW_CTX_DAG_ID='dag_dbt_anp' AIRFLOW_CTX_TASK_ID='scrap_semanal' AIRFLOW_CTX_EXECUTION_DATE='2026-09-11T10:31:41.628729+00:00' AIRFLOW_CTX_TRY_NUMBER='1' AIRFLOW_CTX_DAG_RUN_ID='manual__2026-09-11T10:31:41.628729+00:00'
[2026-09-11T10:32:08.059+0000] {taskinstance.py:430} INFO - ::endgroup::
[2026-09-11T10:32:08.311+0000] {subprocess.py:63} INFO - Tmp dir root location: /tmp
[2026-09-11T10:32:08.314+0000] {subprocess.py:75} INFO - Running command: ['/usr/bin/bash', '-c', 'python3 -u /opt/airflow/pipelines/anp/anp_01_anp_week_file_scrap.py']
[2026-09-11T10:32:08.327+0000] {subprocess.py:86} INFO - Output:
[2026-09-11T10:32:09.751+0000] {subprocess.py:93} INFO - [2026-09-11 10:32:09] [INFO] [DW_CLIENT] ############################################################
[2026-09-11T10:32:09.751+0000] {subprocess.py:93} INFO - [2026-09-11 10:32:09] [INFO] [DW_CLIENT] db env vars validation
[2026-09-11T10:32:09.752+0000] {subprocess.py:93} INFO - [2026-09-11 10:32:09] [INFO] [DW_CLIENT] db env vars found successfully
[2026-09-11T10:32:09.752+0000] {subprocess.py:93} INFO - [2026-09-11 10:32:09] [INFO] [DW_CLIENT] attempting to connect to host - [postgres]
[2026-09-11T10:32:09.822+0000] {subprocess.py:93} INFO - [2026-09-11 10:32:09] [INFO] [DW_CLIENT] handshake success [***]
[2026-09-11T10:32:09.823+0000] {subprocess.py:93} INFO - [2026-09-11 10:32:09] [INFO] [DW_CLIENT] connection test finished
[2026-09-11T10:32:09.823+0000] {subprocess.py:93} INFO - [2026-09-11 10:32:09] [INFO] [DW_CLIENT] ############################################################
[2026-09-11T10:32:09.841+0000] {subprocess.py:93} INFO - [2026-09-11 10:32:09] [INFO] [anp_01_anp_week_file_scrap] ============================================================
[2026-09-11T10:32:09.842+0000] {subprocess.py:93} INFO - [2026-09-11 10:32:09] [INFO] [anp_01_anp_week_file_scrap] web scrapping initiated on https://www.gov.br/anp/pt-br/centrais-de-conteudo/dados-abertos/serie-historica-de-precos-de-combustiveis : 2026-09-11 10:32:09.841172
[2026-09-11T10:32:09.842+0000] {subprocess.py:93} INFO - [2026-09-11 10:32:09] [INFO] [anp_01_anp_week_file_scrap] files landing dir  /mnt/datasource/anp/ult4 : 2026-09-11 10:32:09.841245
[2026-09-11T10:32:09.843+0000] {subprocess.py:93} INFO - [2026-09-11 10:32:09] [INFO] [anp_01_anp_week_file_scrap] ============================================================
[2026-09-11T10:32:10.241+0000] {subprocess.py:93} INFO - [2026-09-11 10:32:10] [INFO] [anp_01_anp_week_file_scrap] recovered date param from scrapping >> 2026-09-04
[2026-09-11T10:32:10.383+0000] {subprocess.py:93} INFO - [2026-09-11 10:32:10] [INFO] [anp_01_anp_week_file_scrap] last date on ctrl database >> None
[2026-09-11T10:32:10.384+0000] {subprocess.py:93} INFO - [2026-09-11 10:32:10] [INFO] [anp_01_anp_week_file_scrap] [STEP 1/2] downloading files on /mnt/datasource/anp/ult4
[2026-09-11T10:32:10.388+0000] {subprocess.py:93} INFO - [2026-09-11 10:32:10] [INFO] [anp_01_anp_week_file_scrap] downloading file ultimas-4-semanas-diesel-gnv.csv to /mnt/datasource/anp/ult4/ultimas-4-semanas-diesel-gnv.csv
[2026-09-11T10:32:11.889+0000] {subprocess.py:93} INFO - [2026-09-11 10:32:11] [INFO] [anp_01_anp_week_file_scrap] downloading file ultimas-4-semanas-gasolina-etanol.csv to /mnt/datasource/anp/ult4/ultimas-4-semanas-gasolina-etanol.csv
[2026-09-11T10:32:16.006+0000] {subprocess.py:93} INFO - [2026-09-11 10:32:16] [INFO] [anp_01_anp_week_file_scrap] downloading file ultimas-4-semanas-glp.csv to /mnt/datasource/anp/ult4/ultimas-4-semanas-glp.csv
[2026-09-11T10:32:16.946+0000] {subprocess.py:93} INFO - [2026-09-11 10:32:16] [INFO] [anp_01_anp_week_file_scrap] [STEP 2/2] writing successs in ctrl table
[2026-09-11T10:32:17.568+0000] {subprocess.py:93} INFO - [2026-09-11 10:32:17] [INFO] [anp_01_anp_week_file_scrap]  --- db updated ---
[2026-09-11T10:32:17.779+0000] {subprocess.py:97} INFO - Command exited with return code 0
[2026-09-11T10:32:17.779+0000] {taskinstance.py:441} INFO - ::group::Post task execution logs
[2026-09-11T10:32:17.945+0000] {taskinstance.py:1205} INFO - Marking task as SUCCESS. dag_id=dag_dbt_anp, task_id=scrap_semanal, execution_date=20260911T103141, start_date=20260911T103207, end_date=20260911T103217
[2026-09-11T10:32:18.008+0000] {local_task_job_runner.py:240} INFO - Task exited with return code 0
[2026-09-11T10:32:18.121+0000] {taskinstance.py:3482} INFO - 1 downstream tasks scheduled from follow-on schedule check
[2026-09-11T10:32:18.124+0000] {local_task_job_runner.py:222} INFO - ::endgroup::

################################################################################
--- TASK EXECUTION: trigger_setup_infra ---
################################################################################

[2026-09-11T10:31:43.595+0000] {local_task_job_runner.py:120} INFO - ::group::Pre task execution logs
[2026-09-11T10:31:43.715+0000] {taskinstance.py:2073} INFO - Dependencies all met for dep_context=non-requeueable deps ti=<TaskInstance: dag_dbt_anp.trigger_setup_infra manual__2026-09-11T10:31:41.628729+00:00 [queued]>
[2026-09-11T10:31:43.731+0000] {taskinstance.py:2073} INFO - Dependencies all met for dep_context=requeueable deps ti=<TaskInstance: dag_dbt_anp.trigger_setup_infra manual__2026-09-11T10:31:41.628729+00:00 [queued]>
[2026-09-11T10:31:43.733+0000] {taskinstance.py:2303} INFO - Starting attempt 1 of 2
[2026-09-11T10:31:43.777+0000] {taskinstance.py:2327} INFO - Executing <Task(TriggerDagRunOperator): trigger_setup_infra> on 2026-09-11 10:31:41.628729+00:00
[2026-09-11T10:31:43.802+0000] {standard_task_runner.py:90} INFO - Running: ['airflow', 'tasks', 'run', 'dag_dbt_anp', 'trigger_setup_infra', 'manual__2026-09-11T10:31:41.628729+00:00', '--job-id', '527', '--raw', '--subdir', 'DAGS_FOLDER/dag_dbt_anp.py', '--cfg-path', '/tmp/tmpypj6bh48']
[2026-09-11T10:31:43.809+0000] {standard_task_runner.py:91} INFO - Job 527: Subtask trigger_setup_infra
[2026-09-11T10:31:43.815+0000] {logging_mixin.py:188} WARNING - /home/airflow/.local/lib/python3.12/site-packages/airflow/task/task_runner/standard_task_runner.py:61 DeprecationWarning: This process (pid=741) is multi-threaded, use of fork() may lead to deadlocks in the child.
[2026-09-11T10:31:43.817+0000] {standard_task_runner.py:63} INFO - Started process 742 to run task
[2026-09-11T10:31:44.089+0000] {task_command.py:426} INFO - Running <TaskInstance: dag_dbt_anp.trigger_setup_infra manual__2026-09-11T10:31:41.628729+00:00 [running]> on host 43d133c4f171
[2026-09-11T10:31:44.515+0000] {taskinstance.py:2644} INFO - Exporting env vars: AIRFLOW_CTX_DAG_OWNER='***' AIRFLOW_CTX_DAG_ID='dag_dbt_anp' AIRFLOW_CTX_TASK_ID='trigger_setup_infra' AIRFLOW_CTX_EXECUTION_DATE='2026-09-11T10:31:41.628729+00:00' AIRFLOW_CTX_TRY_NUMBER='1' AIRFLOW_CTX_DAG_RUN_ID='manual__2026-09-11T10:31:41.628729+00:00'
[2026-09-11T10:31:44.517+0000] {taskinstance.py:430} INFO - ::endgroup::
[2026-09-11T10:31:45.285+0000] {trigger_dagrun.py:210} INFO - Waiting for dag_setup_infrastructure on 2026-09-11 10:31:44.743972+00:00 to become allowed state ['success'] ...
[2026-09-11T10:31:55.365+0000] {trigger_dagrun.py:210} INFO - Waiting for dag_setup_infrastructure on 2026-09-11 10:31:44.743972+00:00 to become allowed state ['success'] ...
[2026-09-11T10:32:05.558+0000] {trigger_dagrun.py:223} INFO - dag_setup_infrastructure finished with allowed state success
[2026-09-11T10:32:05.558+0000] {taskinstance.py:441} INFO - ::group::Post task execution logs
[2026-09-11T10:32:05.625+0000] {taskinstance.py:1205} INFO - Marking task as SUCCESS. dag_id=dag_dbt_anp, task_id=trigger_setup_infra, execution_date=20260911T103141, start_date=20260911T103143, end_date=20260911T103205
[2026-09-11T10:32:05.700+0000] {local_task_job_runner.py:240} INFO - Task exited with return code 0
[2026-09-11T10:32:05.813+0000] {taskinstance.py:3482} INFO - 2 downstream tasks scheduled from follow-on schedule check
[2026-09-11T10:32:05.817+0000] {local_task_job_runner.py:222} INFO - ::endgroup::
